RespondentID,Purchased response?,Source,L1 Eng?,L1s,Other Ls,Country,Age,Gender,years Eng,Eng residence,1stOr2ndResponse,What is the man doing?,A1 Core,A1 Answer,A1 Gramm,A1 Interp,A1 Verif,A2 Core,A2 Answer,A2 Gramm,A2 Interp,A2 Verif
5169570897,yes,NSv1pt1,Yes,,,USA,50,male,,USA 50 Years,1,0, , , , , 
5169570897,yes,NSv1pt1,Yes,,,USA,50,male,,USA 50 Years,2,0, , , , , 
5169549565,yes,NSv1pt1,Yes,,,USA,61,female,,USA 61 years,1,0, , , , , 
5169549565,yes,NSv1pt1,Yes,,,USA,61,female,,USA 61 years,2,0, , , , , 
5169548626,yes,NSv1pt1,Yes,,,USA,27,male,,USA 27 years,1,0, , , , , 
5169548626,yes,NSv1pt1,Yes,,,USA,27,male,,USA 27 years,2,0, , , , , 
5169546028,yes,NSv1pt1,Yes,,,USA,66,female,,0,1,0, , , , , 
5169546028,yes,NSv1pt1,Yes,,,USA,66,female,,0,2,0, , , , , 
5169542786,yes,NSv1pt1,Yes,,India,,,,,0,1,0, , , , , 
5169542786,yes,NSv1pt1,Yes,,India,,,,,0,2,0, , , , , 
5169542615,yes,NSv1pt1,Yes,,,USA,63,female,,USA 63 years,1,0, , , , , 
5169542615,yes,NSv1pt1,Yes,,,USA,63,female,,USA 63 years,2,0, , , , , 
5169542327,yes,NSv1pt1,Yes,,Spanish,USA,68,female,,USA 68 years,1,0, , , , , 
5169542327,yes,NSv1pt1,Yes,,Spanish,USA,68,female,,USA 68 years,2,0, , , , , 
5169537906,yes,NSv1pt1,Yes,,,USA,63,male,,USA 63 years,1,0, , , , , 
5169537906,yes,NSv1pt1,Yes,,,USA,63,male,,USA 63 years,2,0, , , , , 
5169537549,yes,NSv1pt1,Yes,,French,USA,32,male,,USA 32 years,1,0, , , , , 
5169537549,yes,NSv1pt1,Yes,,French,USA,32,male,,USA 32 years,2,0, , , , , 
5169536833,yes,NSv1pt1,Yes,,Chinese (Mandarin),USA,56,male,,0,1,0, , , , , 
5169536833,yes,NSv1pt1,Yes,,Chinese (Mandarin),USA,56,male,,0,2,0, , , , , 
5169536713,yes,NSv1pt1,Yes,,,USA,64,female,,USA 64 years,1,0, , , , , 
5169536713,yes,NSv1pt1,Yes,,,USA,64,female,,USA 64 years,2,0, , , , , 
5169535668,yes,NSv1pt1,Yes,,,USA,33,female,,USA 33 years,1,0, , , , , 
5169535668,yes,NSv1pt1,Yes,,,USA,33,female,,USA 33 years,2,0, , , , , 
5169531107,yes,NSv1pt1,Yes,,,USA,33,female,,none,1,0, , , , , 
5169531107,yes,NSv1pt1,Yes,,,USA,33,female,,none,2,0, , , , , 
5169530066,yes,NSv1pt1,Yes,,,USA,30,male,,USA ,1,0, , , , , 
5169530066,yes,NSv1pt1,Yes,,,USA,30,male,,USA ,2,0, , , , , 
5169527586,yes,NSv1pt1,Yes,,"Spanish, Lakota, Chinese, Gaelic",USA,67,male,,USA,1,0, , , , , 
5169527586,yes,NSv1pt1,Yes,,"Spanish, Lakota, Chinese, Gaelic",USA,67,male,,USA,2,0, , , , , 
5169526476,yes,NSv1pt1,Yes,,,USA,79,male,,USA,1,0, , , , , 
5169526476,yes,NSv1pt1,Yes,,,USA,79,male,,USA,2,0, , , , , 
5169519540,yes,NSv1pt1,Yes,,,USA ,78,male,,"Guam 2 years, UK (Scotland) 3 years ",1,0, , , , , 
5169519540,yes,NSv1pt1,Yes,,,USA ,78,male,,"Guam 2 years, UK (Scotland) 3 years ",2,0, , , , , 
5169515080,yes,NSv1pt1,Yes,,,USA,59,female,,USA 59 years,1,0, , , , , 
5169515080,yes,NSv1pt1,Yes,,,USA,59,female,,USA 59 years,2,0, , , , , 
5169513125,yes,NSv1pt1,Yes,,Spanish ,USA,25,female,,USA,1,0, , , , , 
5169513125,yes,NSv1pt1,Yes,,Spanish ,USA,25,female,,USA,2,0, , , , , 
5169512019,yes,NSv1pt1,Yes,,,USA,68,male,,USA 68 years,1,0, , , , , 
5169512019,yes,NSv1pt1,Yes,,,USA,68,male,,USA 68 years,2,0, , , , , 
5169501005,yes,NSv1pt1,Yes,,,USA,31,female,,0,1,0, , , , , 
5169501005,yes,NSv1pt1,Yes,,,USA,31,female,,0,2,0, , , , , 
5169498807,yes,NSv1pt1,Yes,,Spanish,USA,60,female,,USA 60 years,1,0, , , , , 
5169498807,yes,NSv1pt1,Yes,,Spanish,USA,60,female,,USA 60 years,2,0, , , , , 
5169494204,yes,NSv1pt1,Yes,,,USA,71,female,,"UK (Great Britain), 3 Y",1,0, , , , , 
5169494204,yes,NSv1pt1,Yes,,,USA,71,female,,"UK (Great Britain), 3 Y",2,0, , , , , 
5169493097,yes,NSv1pt1,Yes,,,USA,28,female,,USA 28 years,1,0, , , , , 
5169493097,yes,NSv1pt1,Yes,,,USA,28,female,,USA 28 years,2,0, , , , , 
5169492596,yes,NSv1pt1,Yes,,,USA,23,female,,USA 23 years,1,0, , , , , 
5169492596,yes,NSv1pt1,Yes,,,USA,23,female,,USA 23 years,2,0, , , , , 
5169492308,yes,NSv1pt1,Yes,,,USA,42,female,,0,1,0, , , , , 
5169492308,yes,NSv1pt1,Yes,,,USA,42,female,,0,2,0, , , , , 
5169488513,yes,NSv1pt1,Yes,,,USA,36,male,,0,1,0, , , , , 
5169488513,yes,NSv1pt1,Yes,,,USA,36,male,,0,2,0, , , , , 
5169485899,yes,NSv1pt1,Yes,,,USA,35,female,,0,1,0, , , , , 
5169485899,yes,NSv1pt1,Yes,,,USA,35,female,,0,2,0, , , , , 
5169482851,yes,NSv1pt1,Yes,,,USA,29,female,,USA 29 years,1,0, , , , , 
5169482851,yes,NSv1pt1,Yes,,,USA,29,female,,USA 29 years,2,0, , , , , 
5169481506,yes,NSv1pt1,Yes,,,USA,37,male,,USA 37 years,1,0, , , , , 
5169481506,yes,NSv1pt1,Yes,,,USA,37,male,,USA 37 years,2,0, , , , , 
5169480792,yes,NSv1pt1,Yes,,,USA,78,male,,USA 78 years,1,0, , , , , 
5169480792,yes,NSv1pt1,Yes,,,USA,78,male,,USA 78 years,2,0, , , , , 
5169477672,yes,NSv1pt1,Yes,,,USA,52,female,,USA 52 years ,1,0, , , , , 
5169477672,yes,NSv1pt1,Yes,,,USA,52,female,,USA 52 years ,2,0, , , , , 
5169474154,yes,NSv1pt1,Yes,,,USA,69,female,,USA 69 years,1,0, , , , , 
5169474154,yes,NSv1pt1,Yes,,,USA,69,female,,USA 69 years,2,0, , , , , 
5169470721,yes,NSv1pt1,Yes,,,USA,37,male,,USA 37 years,1,0, , , , , 
5169470721,yes,NSv1pt1,Yes,,,USA,37,male,,USA 37 years,2,0, , , , , 
5169470228,yes,NSv1pt1,Yes,,"Turkish, French, Spanish",USA,64,female,,USA 64 years,1,0, , , , , 
5169470228,yes,NSv1pt1,Yes,,"Turkish, French, Spanish",USA,64,female,,USA 64 years,2,0, , , , , 
5169462176,yes,NSv1pt1,Yes,,,USA,25,female,,USA 25 years,1,0, , , , , 
5169462176,yes,NSv1pt1,Yes,,,USA,25,female,,USA 25 years,2,0, , , , , 
5169460115,yes,NSv1pt1,Yes,,,USA,36,female,,USA 36 years,1,0, , , , , 
5169460115,yes,NSv1pt1,Yes,,,USA,36,female,,USA 36 years,2,0, , , , , 
5169458184,yes,NSv1pt1,Yes,,spanish ,USA,26,female,,USA,1,0, , , , , 
5169458184,yes,NSv1pt1,Yes,,spanish ,USA,26,female,,USA,2,0, , , , , 
5169454498,yes,NSv1pt1,Yes,,,USA,26,female,,"USA 25.5 years, UK 6 months",1,0, , , , , 
5169454498,yes,NSv1pt1,Yes,,,USA,26,female,,"USA 25.5 years, UK 6 months",2,0, , , , , 
5169451354,yes,NSv1pt1,Yes,,,USA,over 80,male,,USA 81 years,1,0, , , , , 
5169451354,yes,NSv1pt1,Yes,,,USA,over 80,male,,USA 81 years,2,0, , , , , 
5169450545,yes,NSv1pt1,Yes,,,USA,19,female,,USA 19 years,1,0, , , , , 
5169450545,yes,NSv1pt1,Yes,,,USA,19,female,,USA 19 years,2,0, , , , , 
5169449173,yes,NSv1pt1,Yes,,,USA,75,male,,USA 71 years,1,0, , , , , 
5169449173,yes,NSv1pt1,Yes,,,USA,75,male,,USA 71 years,2,0, , , , , 
5169448918,yes,NSv1pt1,Yes,,"Spanish, Portuguese, Japanese ",USA,65,male,,USA 65 years,1,0, , , , , 
5169448918,yes,NSv1pt1,Yes,,"Spanish, Portuguese, Japanese ",USA,65,male,,USA 65 years,2,0, , , , , 
5169448455,yes,NSv1pt1,Yes,,,USA,55,female,,USA 55 years,1,0, , , , , 
5169448455,yes,NSv1pt1,Yes,,,USA,55,female,,USA 55 years,2,0, , , , , 
5169446991,yes,NSv1pt1,Yes,,,USA,62,female,,USA 62 years,1,0, , , , , 
5169446991,yes,NSv1pt1,Yes,,,USA,62,female,,USA 62 years,2,0, , , , , 
5169440620,yes,NSv1pt1,Yes,,,USA,72,female,,0,1,0, , , , , 
5169440620,yes,NSv1pt1,Yes,,,USA,72,female,,0,2,0, , , , , 
5169438836,yes,NSv1pt1,Yes,,"French, Spanish",USA,45,female,,USA 45 years,1,0, , , , , 
5169438836,yes,NSv1pt1,Yes,,"French, Spanish",USA,45,female,,USA 45 years,2,0, , , , , 
5169433622,yes,NSv1pt1,Yes,,,USA,27,female,,USA 27 years,1,0, , , , , 
5169433622,yes,NSv1pt1,Yes,,,USA,27,female,,USA 27 years,2,0, , , , , 
5169427280,yes,NSv1pt1,Yes,,,USA,68,male,,USA 68 years,1,0, , , , , 
5169427280,yes,NSv1pt1,Yes,,,USA,68,male,,USA 68 years,2,0, , , , , 
5169426393,yes,NSv1pt1,Yes,,spanish,USA,32,female,,USA 32 years,1,0, , , , , 
5169426393,yes,NSv1pt1,Yes,,spanish,USA,32,female,,USA 32 years,2,0, , , , , 
5169423620,yes,NSv1pt1,Yes,,,USA,59,male,,USA 59 years,1,0, , , , , 
5169423620,yes,NSv1pt1,Yes,,,USA,59,male,,USA 59 years,2,0, , , , , 
5169419390,yes,NSv1pt1,Yes,,,USA,47,female,,USA 47 years,1,0, , , , , 
5169419390,yes,NSv1pt1,Yes,,,USA,47,female,,USA 47 years,2,0, , , , , 
5169413584,yes,NSv1pt1,Yes,,,USA,35,female,,0,1,0, , , , , 
5169413584,yes,NSv1pt1,Yes,,,USA,35,female,,0,2,0, , , , , 
5169406104,yes,NSv1pt1,Yes,,,USA,34,female,,USA 34 years,1,0, , , , , 
5169406104,yes,NSv1pt1,Yes,,,USA,34,female,,USA 34 years,2,0, , , , , 
5169405802,yes,NSv1pt1,Yes,,,USA,71,female,,USA 71 years,1,0, , , , , 
5169405802,yes,NSv1pt1,Yes,,,USA,71,female,,USA 71 years,2,0, , , , , 
5169405406,yes,NSv1pt1,Yes,,,USA,71,male,,USA 71 Years,1,0, , , , , 
5169405406,yes,NSv1pt1,Yes,,,USA,71,male,,USA 71 Years,2,0, , , , , 
5169405085,yes,NSv1pt1,No,none ,,USA,23,female,10 years or more,none,1,0, , , , , 
5169405085,yes,NSv1pt1,No,none ,,USA,23,female,10 years or more,none,2,0, , , , , 
5169404467,yes,NSv1pt1,Yes,,,USA,57,female,,USA 57,1,0, , , , , 
5169404467,yes,NSv1pt1,Yes,,,USA,57,female,,USA 57,2,0, , , , , 
5169399361,yes,NSv1pt1,No,Mandarin,,South Africa,45,other / prefer not to say,10 years or more,USA 20 years,1,0, , , , , 
5169399361,yes,NSv1pt1,No,Mandarin,,South Africa,45,other / prefer not to say,10 years or more,USA 20 years,2,0, , , , , 
5169398674,yes,NSv1pt1,Yes,,Spanish,USA,47,female,,US 47 years,1,0, , , , , 
5169398674,yes,NSv1pt1,Yes,,Spanish,USA,47,female,,US 47 years,2,0, , , , , 
5169398239,yes,NSv1pt1,Yes,,,USA,62,female,,none,1,0, , , , , 
5169398239,yes,NSv1pt1,Yes,,,USA,62,female,,none,2,0, , , , , 
5169398178,yes,NSv1pt1,Yes,,spanish,Mexico,64,male,,USA 54 years,1,0, , , , , 
5169398178,yes,NSv1pt1,Yes,,spanish,Mexico,64,male,,USA 54 years,2,0, , , , , 
5169396260,yes,NSv1pt1,Yes,,,USA,52,female,,USA 52 years,1,0, , , , , 
5169396260,yes,NSv1pt1,Yes,,,USA,52,female,,USA 52 years,2,0, , , , , 
5169389760,yes,NSv1pt1,Yes,,,USA,73,male,,USA 73 years,1,0, , , , , 
5169389760,yes,NSv1pt1,Yes,,,USA,73,male,,USA 73 years,2,0, , , , , 
5169385846,yes,NSv1pt1,Yes,,None,USA,47,male,,USA 47 years,1,0, , , , , 
5169385846,yes,NSv1pt1,Yes,,None,USA,47,male,,USA 47 years,2,0, , , , , 
5169384454,yes,NSv1pt1,Yes,,,USA,53,male,,USA 53 YEARS,1,0, , , , , 
5169384454,yes,NSv1pt1,Yes,,,USA,53,male,,USA 53 YEARS,2,0, , , , , 
5169374253,yes,NSv1pt1,Yes,,,,,,,0,1,0, , , , , 
5169374253,yes,NSv1pt1,Yes,,,,,,,0,2,0, , , , , 
5169373135,yes,NSv1pt1,No,English ,,USA,31,male,10 years or more,USA,1,0, , , , , 
5169373135,yes,NSv1pt1,No,English ,,USA,31,male,10 years or more,USA,2,0, , , , , 
5169368412,yes,NSv1pt1,Yes,,,USA,76,male,,USA 76 years,1,0, , , , , 
5169368412,yes,NSv1pt1,Yes,,,USA,76,male,,USA 76 years,2,0, , , , , 
5178154158,yes,NSv2pt1,No,Spanish,,Puerto Rico,26,male,10 years or more,"Puerto Rico 24 years, USA 2 years",1,0, , , , , 
5178154158,yes,NSv2pt1,No,Spanish,,Puerto Rico,26,male,10 years or more,"Puerto Rico 24 years, USA 2 years",2,0, , , , , 
5178154116,yes,NSv2pt1,Yes,,Spanish,USA,33,male,,0,1,The man is coughing.,1,1,1,1,1
5178154116,yes,NSv2pt1,Yes,,Spanish,USA,33,male,,0,2,The man is finishing coughing.,1,1,1,1,1
5178151542,yes,NSv2pt1,Yes,,,USA,70,male,,USA 70 years,1,The man is coughing.,1,1,1,1,1
5178151542,yes,NSv2pt1,Yes,,,USA,70,male,,USA 70 years,2,the man is coughing into his hand.,1,1,1,1,1
5178146032,yes,NSv2pt1,Yes,,,USA,41,male,,USA 41 years,1,The man is covering his mouth to cough with his fist.,1,1,1,1,1
5178146032,yes,NSv2pt1,Yes,,,USA,41,male,,USA 41 years,2,The man is coughing into his right hand.,1,1,1,1,1
5178144411,yes,NSv2pt1,Yes,,,USA,57,male,,0,1,The man is about to sneeze.,0,1,1,1,0
5178144411,yes,NSv2pt1,Yes,,,USA,57,male,,0,2,The man is squeezing his fist in concern.,0,1,1,1,0
5178144299,yes,NSv2pt1,Yes,,,USA,35,male,,0,1,coughing,1,1,1,1,1
5178144299,yes,NSv2pt1,Yes,,,USA,35,male,,0,2,outlod,0,0,0,0,0
5178140412,yes,NSv2pt1,Yes,,,USA,33,male,,USA,1,"Guys she was great, she had this new technique where she grabbed it like this.",0,0,1,0,0
5178140412,yes,NSv2pt1,Yes,,,USA,33,male,,USA,2,"afterwards, I was his favorite alter boy. ",0,0,0,0,0
5178139152,yes,NSv2pt1,Yes,,,USA,33,male,,USA 33 years,1,The man is holding his fist to his mouth as he coughs.,1,1,1,1,1
5178139152,yes,NSv2pt1,Yes,,,USA,33,male,,USA 33 years,2,The guy is stifling a cough.,1,1,1,1,1
5178136734,yes,NSv2pt1,Yes,,Spanish,USA,over 80,male,,USA 86 years,1,coughing into his hand,1,1,1,1,1
5178136734,yes,NSv2pt1,Yes,,Spanish,USA,over 80,male,,USA 86 years,2,Sneezing,0,1,1,1,0
5178136527,yes,NSv2pt1,Yes,,,USA,59,male,,0,1,the man is coughing,1,1,1,1,1
5178136527,yes,NSv2pt1,Yes,,,USA,59,male,,0,2,the man has a cough,1,0,1,1,1
5178134867,yes,NSv2pt1,Yes,,,USA,32,female,,USA 32 years,1,The man is coughing. ,1,1,1,1,1
5178134867,yes,NSv2pt1,Yes,,,USA,32,female,,USA 32 years,2,He's covering his mouth cause he's coughing. ,1,1,1,1,1
5178131204,yes,NSv2pt1,Yes,,"German, Spanish",USA,24,male,,USA 24 years,1,The man has a cold. ,0,0,1,1,0
5178131204,yes,NSv2pt1,Yes,,"German, Spanish",USA,24,male,,USA 24 years,2,The man is coughing.,1,1,1,1,1
5178129584,yes,NSv2pt1,Yes,,,USA,36,female,,"USA 33 years, Canada 2 years, New Zealand 1 years",1,The man has a cough.,1,0,1,1,1
5178129584,yes,NSv2pt1,Yes,,,USA,36,female,,"USA 33 years, Canada 2 years, New Zealand 1 years",2,The man is coughing.,1,1,1,1,1
5178129534,yes,NSv2pt1,Yes,,,USA,51,female,,USA 51 years,1,The man is coughing.,1,1,1,1,1
5178129534,yes,NSv2pt1,Yes,,,USA,51,female,,USA 51 years,2,The man has is sneezing.,0,1,0,1,0
5178128177,yes,NSv2pt1,Yes,,"Romanian, russian",USA,41,female,,USA 39 years,1,He is coughing,1,1,1,1,1
5178128177,yes,NSv2pt1,Yes,,"Romanian, russian",USA,41,female,,USA 39 years,2,He is sneezing,0,1,1,1,0
5178127325,yes,NSv2pt1,Yes,,,USA,59,other / prefer not to say,,0,1,COVERING HIS COUGH,1,1,1,1,1
5178127325,yes,NSv2pt1,Yes,,,USA,59,other / prefer not to say,,0,2,CATCHING A COLD,0,1,1,1,0
5178127214,yes,NSv2pt1,Yes,,,USA,64,male,,USA 64 years,1,The man is coughing.,1,1,1,1,1
5178127214,yes,NSv2pt1,Yes,,,USA,64,male,,USA 64 years,2,The man is coughing into his closed fist.,1,1,1,1,1
5178126118,yes,NSv2pt1,No,"Chinese (Cantonese), Chinese (Mandarin)",,China (Hong Kong),31,female,10 years or more,USA 13 years,1,He is posing.,0,1,1,0,0
5178126118,yes,NSv2pt1,No,"Chinese (Cantonese), Chinese (Mandarin)",,China (Hong Kong),31,female,10 years or more,USA 13 years,2,He is coughing.,1,1,1,1,1
5178121077,yes,NSv2pt1,Yes,,,USA,54,female,,USA 54 years,1,The man is coughing because he is sick.,1,1,1,1,1
5178121077,yes,NSv2pt1,Yes,,,USA,54,female,,USA 54 years,2,The man is sick.,0,0,1,1,0
5178120533,yes,NSv2pt1,Yes,,,USA,34,female,,USA 34 years,1,The man is coughing.,1,1,1,1,1
5178120533,yes,NSv2pt1,Yes,,,USA,34,female,,USA 34 years,2,The is man is trying to clear his throat.,1,0,0,1,1
5178117331,yes,NSv2pt1,Yes,,,USA,32,female,,USA 32 years,1,He is coughing. ,1,1,1,1,1
5178117331,yes,NSv2pt1,Yes,,,USA,32,female,,USA 32 years,2,He's covering his mouth while he coughs.,1,1,1,1,1
5178109813,yes,NSv2pt1,Yes,,,USA,63,female,,USA 63 years,1,the man is coughing.,1,1,1,1,1
5178109813,yes,NSv2pt1,Yes,,,USA,63,female,,USA 63 years,2,he is clearing his throat.,1,1,1,1,1
5178109486,yes,NSv2pt1,Yes,,,USA,38,female,,USA 38 years,1,0, , , , , 
5178109486,yes,NSv2pt1,Yes,,,USA,38,female,,USA 38 years,2,0, , , , , 
5178108016,yes,NSv2pt1,Yes,,,USA,23,female,,USA 23 years,1,The man is sneezing into his fist.,0,1,1,1,0
5178108016,yes,NSv2pt1,Yes,,,USA,23,female,,USA 23 years,2,The man is coughing into his fist. ,1,1,1,1,1
5178103746,yes,NSv2pt1,Yes,,,USA,69,male,,USA 69 years,1,0, , , , , 
5178103746,yes,NSv2pt1,Yes,,,USA,69,male,,USA 69 years,2,0, , , , , 
5178103342,yes,NSv2pt1,Yes,,,,44,female,,0,1,guy got cough ,1,0,0,1,1
5178103342,yes,NSv2pt1,Yes,,,,44,female,,0,2,guy got cough,1,0,0,1,1
5178101188,yes,NSv2pt1,Yes,,Spanish,USA,23,female,,USA 23 years,1,He is hitting his nose with a fist.,0,1,1,1,0
5178101188,yes,NSv2pt1,Yes,,Spanish,USA,23,female,,USA 23 years,2,He is smelling his fingers.,0,1,1,1,0
5178096873,yes,NSv2pt1,Yes,,,USA,27,female,,USA 27 years,1,The man is coughing. ,1,1,1,1,1
5178096873,yes,NSv2pt1,Yes,,,USA,27,female,,USA 27 years,2,The man is covering a cough. ,1,1,1,1,1
5178095778,yes,NSv2pt1,Yes,,,USA,34,female,,0,1,The man is coughing.,1,1,1,1,1
5178095778,yes,NSv2pt1,Yes,,,USA,34,female,,0,2,He is clearing his throat. ,1,1,1,1,1
5178094819,yes,NSv2pt1,Yes,,,USA,55,male,,0,1,The man is pretending to sing into a microphone. ,0,1,1,1,0
5178094819,yes,NSv2pt1,Yes,,,USA,55,male,,0,2,He is serenading his girlfriend on his pretend microphone.,0,1,1,1,0
5178090769,yes,NSv2pt1,Yes,,,USA,61,male,,0,1,0, , , , , 
5178090769,yes,NSv2pt1,Yes,,,USA,61,male,,0,2,0, , , , , 
5178089516,yes,NSv2pt1,Yes,,,USA,41,female,,USA 41 Years,1,This man is sick.,0,0,1,1,0
5178089516,yes,NSv2pt1,Yes,,,USA,41,female,,USA 41 Years,2,This man is coughing.,1,0,1,1,1
5178089342,yes,NSv2pt1,Yes,,,USA,50,male,,0,1,The man is coughing. ,1,1,1,1,1
5178089342,yes,NSv2pt1,Yes,,,USA,50,male,,0,2,The .man is hitting himself. ,0,1,0,1,0
5178089135,yes,NSv2pt1,Yes,,,USA,over 80,female,,0,1,The man is sneezing.,0,1,1,1,0
5178089135,yes,NSv2pt1,Yes,,,USA,over 80,female,,0,2,The man is sniffling a sneeze.,0,1,0,0,0
5178087645,yes,NSv2pt1,Yes,,,USA,45,female,,0,1,The man is couging.,1,1,0,1,1
5178087645,yes,NSv2pt1,Yes,,,USA,45,female,,0,2,The man is thinking.,0,1,1,1,0
5178083264,yes,NSv2pt1,Yes,,,USA,46,male,,USA 46 years,1,Coughing.,1,1,1,1,1
5178083264,yes,NSv2pt1,Yes,,,USA,46,male,,USA 46 years,2,Clearing his throat.,1,1,1,1,1
5178082809,yes,NSv2pt1,Yes,,,USA,68,male,,0,1,The man is covering his mouth to sneeze,0,1,1,1,0
5178082809,yes,NSv2pt1,Yes,,,USA,68,male,,0,2,The man is coughing,1,1,1,1,1
5178080109,yes,NSv2pt1,Yes,,,USA,54,female,,USA 54 years,1,The man is sneezing because he has allergies.,0,1,1,1,0
5178080109,yes,NSv2pt1,Yes,,,USA,54,female,,USA 54 years,2,"When sneezing, one should always cover their mouth.",0,0,1,0,0
5178078560,yes,NSv2pt1,Yes,,,USA,26,female,,0,1,The man is coughing.,1,1,1,1,1
5178078560,yes,NSv2pt1,Yes,,,USA,26,female,,0,2,The man is coughing into his hand.,1,1,1,1,1
5178077940,yes,NSv2pt1,Yes,,,,,,,0,1,0, , , , , 
5178077940,yes,NSv2pt1,Yes,,,,,,,0,2,0, , , , , 
5178077489,yes,NSv2pt1,Yes,,,USA,44,female,,USA 44 years,1,The man is coughing.,1,1,1,1,1
5178077489,yes,NSv2pt1,Yes,,,USA,44,female,,USA 44 years,2,The man is covering his mouth while he's coughing.,1,1,1,1,1
5178074763,yes,NSv2pt1,Yes,,,USA,60,male,,USA 60 years,1,The man is coughing.,1,1,1,1,1
5178074763,yes,NSv2pt1,Yes,,,USA,60,male,,USA 60 years,2,He is trying to stifle a cough.,1,1,1,1,1
5178074218,yes,NSv2pt1,Yes,,,USA,42,female,,USA 40 years,1,He is coughing.,1,1,1,1,1
5178074218,yes,NSv2pt1,Yes,,,USA,42,female,,USA 40 years,2,He is coughing because he is sick.,1,1,1,1,1
5178073009,yes,NSv2pt1,Yes,,,,,,,0,1,"""are you choking"" i asked",0,0,0,0,0
5178073009,yes,NSv2pt1,Yes,,,,,,,0,2,"""are you choking"" i asked",0,0,0,0,0
5178070252,yes,NSv2pt1,Yes,,,USA,36,male,,USA 36 years,1,He is coughing,1,1,1,1,1
5178070252,yes,NSv2pt1,Yes,,,USA,36,male,,USA 36 years,2,He is coughing up a hairball cause his wife won't shave her snapper,1,1,1,0,0
5178064598,yes,NSv2pt1,Yes,,,USA,20,male,,0,1,The man is coughing. ,1,1,1,1,1
5178064598,yes,NSv2pt1,Yes,,,USA,20,male,,0,2,The man is getting ready to roll dice. ,0,1,1,0,0
5178062881,yes,NSv2pt1,Yes,,,USA,61,female,,USA 59 years,1,0, , , , , 
5178062881,yes,NSv2pt1,Yes,,,USA,61,female,,USA 59 years,2,0, , , , , 
5178059893,yes,NSv2pt1,No,Spanish,,Chile,61,male,10 years or more,USA 38 years,1,The man is sneezing,0,1,1,1,0
5178059893,yes,NSv2pt1,No,Spanish,,Chile,61,male,10 years or more,USA 38 years,2,The man is catching a cold,0,1,1,1,0
5178058474,yes,NSv2pt1,Yes,,,USA,50,male,,USA 50 years,1,The man could be coughing.,1,1,1,0,0
5178058474,yes,NSv2pt1,Yes,,,USA,50,male,,USA 50 years,2,The man could be acting like he is singing.,0,1,1,0,0
5178058387,yes,NSv2pt1,Yes,,,USA,42,male,,USA 42 years,1,The man is coughing. ,1,1,1,1,1
5178058387,yes,NSv2pt1,Yes,,,USA,42,male,,USA 42 years,2,He is coughing. ,1,1,1,1,1
5178057816,yes,NSv2pt1,Yes,,,USA,22,male,,USA 22 years,1,The man is coughing,1,1,1,1,1
5178057816,yes,NSv2pt1,Yes,,,USA,22,male,,USA 22 years,2,The man has a sickness,0,0,1,1,0
5178056267,yes,NSv2pt1,Yes,,,USA,33,male,,0,1,Sneezing,0,1,1,1,0
5178056267,yes,NSv2pt1,Yes,,,USA,33,male,,0,2,Sick,0,0,0,0,0
5178054491,yes,NSv2pt1,Yes,,,USA,60,female,,none,1,"Covering his mouth while coughing,", , , , , 
5178054491,yes,NSv2pt1,Yes,,,USA,60,female,,none,2,Getting ready to cough.,1,1,1,1,1
5178053034,yes,NSv2pt1,Yes,,,USA,57,female,,0,1,"Aw chew, goes the sneeze.",0,0,0,0,0
5178053034,yes,NSv2pt1,Yes,,,USA,57,female,,0,2,Coughing really gets to me.,0,0,1,0,0
5178050920,yes,NSv2pt1,Yes,,,USA,38,male,,"USA 37 years, UK 1 year",1,He is coughing. ,1,1,1,1,1
5178050920,yes,NSv2pt1,Yes,,,USA,38,male,,"USA 37 years, UK 1 year",2,He is feeling sick. ,0,1,1,1,0
5178050457,yes,NSv2pt1,Yes,,,USA,32,female,,USA 32 years,1,The man is sneezing.,0,1,1,1,0
5178050457,yes,NSv2pt1,Yes,,,USA,32,female,,USA 32 years,2,The man is sleepy.,0,0,1,1,0
5178048983,yes,NSv2pt1,Yes,,,USA,,other / prefer not to say,,USA 14 years,1,coughing,1,1,1,1,1
5178048983,yes,NSv2pt1,Yes,,,USA,,other / prefer not to say,,USA 14 years,2,hacking,1,1,1,0,1
5178047165,yes,NSv2pt1,No,tagalog,,Philippines,50,female,10 years or more,0,1,Cevering the mouth while coughing.,1,1,0,1,1
5178047165,yes,NSv2pt1,No,tagalog,,Philippines,50,female,10 years or more,0,2,Clearing his throat.,1,1,1,1,1
5178046574,yes,NSv2pt1,Yes,,,USA,51,male,,USA 51 years,1,The man is coughing.,1,1,1,1,1
5178046574,yes,NSv2pt1,Yes,,,USA,51,male,,USA 51 years,2,Wannabe Elvis punching himself in shame.,0,0,0,0,0
5178044795,yes,NSv2pt1,Yes,,,USA,27,male,,0,1,the man is couging,1,1,0,1,1
5178044795,yes,NSv2pt1,Yes,,,USA,27,male,,0,2,the man has a cough,1,0,1,1,1
5178043432,yes,NSv2pt1,Yes,,,USA,44,female,,USA 44 years,1,The man is coughing.,1,1,1,1,1
5178043432,yes,NSv2pt1,Yes,,,USA,44,female,,USA 44 years,2,The man coughed.,1,0,1,1,1
5178041659,yes,NSv2pt1,Yes,,,USA,41,male,,USA 41 years,1,Coughing,1,1,1,1,1
5178041659,yes,NSv2pt1,Yes,,,USA,41,male,,USA 41 years,2,Eyes closed,0,0,0,0,0
5178041162,yes,NSv2pt1,Yes,,,USA,24,female,,USA 24 years,1,The man is coughing.,1,1,1,1,1
5178041162,yes,NSv2pt1,Yes,,,USA,24,female,,USA 24 years,2,He might be singing or humming.,0,1,1,0,0
5178040995,yes,NSv2pt1,Yes,,,USA,34,female,,USA 34 years,1,The man has a cold.,0,0,1,1,0
5178040995,yes,NSv2pt1,Yes,,,USA,34,female,,USA 34 years,2,He has a bad cough.,1,0,1,1,1
5178040617,yes,NSv2pt1,No,chinese,,Taiwan,43,female,6 - 8 years,none,1,He is coughing,1,1,1,1,1
5178040617,yes,NSv2pt1,No,chinese,,Taiwan,43,female,6 - 8 years,none,2,He coughs,1,0,1,1,1
5178040241,yes,NSv2pt1,Yes,,,USA,57,male,,USA 57 years,1,0, , , , , 
5178040241,yes,NSv2pt1,Yes,,,USA,57,male,,USA 57 years,2,0, , , , , 
5178039857,yes,NSv2pt1,Yes,,,USA,59,female,,USA 59 years,1,The boy in the red shirt coughed.,1,0,1,1,1
5178039857,yes,NSv2pt1,Yes,,,USA,59,female,,USA 59 years,2,The young man coughs into his fist.,1,0,1,1,1
5178037369,yes,NSv2pt1,Yes,,,USA,54,female,,USA 54 years,1,Man is coughing,1,0,0,1,1
5178037369,yes,NSv2pt1,Yes,,,USA,54,female,,USA 54 years,2,Man is coughing into his hand,1,0,0,1,1
5178036747,yes,NSv2pt1,Yes,,,USA,45,male,,USA 45 years,1,The man is covering his mouth to cough.,1,1,1,1,1
5178036747,yes,NSv2pt1,Yes,,,USA,45,male,,USA 45 years,2,The man is sneezing into his hand.,0,1,1,1,0
5178035247,yes,NSv2pt1,Yes,,,USA,19,female,,USA 19 years,1,The man is coughing.,1,1,1,1,1
5178035247,yes,NSv2pt1,Yes,,,USA,19,female,,USA 19 years,2,He is clearing his throat.,1,1,1,1,1
5178034743,yes,NSv2pt1,Yes,,,USA,24,male,,USA 22 years,1,The man is coughing.,1,1,1,1,1
5178034743,yes,NSv2pt1,Yes,,,USA,24,male,,USA 22 years,2,The man is covering his cough.,1,1,1,1,1
5178033956,yes,NSv2pt1,Yes,,,USA,39,female,,USA 39 years,1,The man is coughing ,1,1,1,1,1
5178033956,yes,NSv2pt1,Yes,,,USA,39,female,,USA 39 years,2,The man is using his hand to cover his cough,1,1,1,1,1
5178033695,yes,NSv2pt1,Yes,,,USA,33,male,,USA 33 years,1,The man is coughing into his hand. ,1,1,1,1,1
5178033695,yes,NSv2pt1,Yes,,,USA,33,male,,USA 33 years,2,He is coughing. ,1,1,1,1,1
5178033471,yes,NSv2pt1,Yes,,,USA,39,female,,0,1,The man is coughing.,1,1,1,1,1
5178033471,yes,NSv2pt1,Yes,,,USA,39,female,,0,2,The man is sneezing.,0,1,1,1,0
5178030392,yes,NSv2pt1,Yes,,,USA,22,female,,USA 22 years,1,He is coughing.,1,1,1,1,1
5178030392,yes,NSv2pt1,Yes,,,USA,22,female,,USA 22 years,2,He is clearing his throat.,1,1,1,1,1
5178030317,yes,NSv2pt1,Yes,,,USA,69,male,,0,1,coughing,1,1,1,1,1
5178030317,yes,NSv2pt1,Yes,,,USA,69,male,,0,2,sneezing,0,1,1,1,0
5178027446,yes,NSv2pt1,Yes,,,,19,female,,USA 19 years,1,the man is coughing,1,1,1,1,1
5178027446,yes,NSv2pt1,Yes,,,,19,female,,USA 19 years,2,the man is yawning,0,1,1,1,0
5178026993,yes,NSv2pt1,Yes,,,USA,53,male,,USA 51 years,1,The man is coughing,1,1,1,1,1
5178026993,yes,NSv2pt1,Yes,,,USA,53,male,,USA 51 years,2,This man may be contagious,0,0,1,0,0
5178025943,yes,NSv2pt1,Yes,,,USA,53,female,,USA 53 years,1,The man is sneezing.,0,1,1,1,0
5178025943,yes,NSv2pt1,Yes,,,USA,53,female,,USA 53 years,2,The man is coughing.,1,1,1,1,1
5178025008,yes,NSv2pt1,Yes,,,USA,44,male,,0,1,0, , , , , 
5178025008,yes,NSv2pt1,Yes,,,USA,44,male,,0,2,0, , , , , 
5178024925,yes,NSv2pt1,Yes,,,USA,45,male,,0,1,he has a haking cold,0,0,0,0,0
5178024925,yes,NSv2pt1,Yes,,,USA,45,male,,0,2,has a headack that hurts,0,0,0,0,0
5178024556,yes,NSv2pt1,No,English,,Italy,54,male,10 years or more,USA,1,The man is coughing,1,1,1,1,1
5178024556,yes,NSv2pt1,No,English,,Italy,54,male,10 years or more,USA,2,The man maybe sneezing,0,1,0,0,0
5178024317,yes,NSv2pt1,Yes,,,USA ,37,female,,USA 37,1,Coughing,1,1,1,1,1
5178024317,yes,NSv2pt1,Yes,,,USA ,37,female,,USA 37,2,Punching himself,0,1,1,1,0
5178023440,yes,NSv2pt1,Yes,,,,,,,0,1,0, , , , , 
5178023440,yes,NSv2pt1,Yes,,,,,,,0,2,0, , , , , 
5178023265,yes,NSv2pt1,Yes,,,USA,74,male,,none,1,0, , , , , 
5178023265,yes,NSv2pt1,Yes,,,USA,74,male,,none,2,0, , , , , 
5178022935,yes,NSv2pt1,Yes,,,USA,55,female,,0,1,The man is coughing.,1,1,1,1,1
5178022935,yes,NSv2pt1,Yes,,,USA,55,female,,0,2,The man has a cold.  ,0,0,1,1,0
5178021570,yes,NSv2pt1,Yes,,,USA,42,male,,USA 41 years,1,The man is coughing.,1,1,1,1,1
5178021570,yes,NSv2pt1,Yes,,,USA,42,male,,USA 41 years,2,The man is covering his mouth when coughing.,1,1,1,1,1
5178020863,yes,NSv2pt1,Yes,,,USA,38,male,,USA 38 years,1,The man is coughing.,1,1,1,1,1
5178020863,yes,NSv2pt1,Yes,,,USA,38,male,,USA 38 years,2,The man is covering his mouth when he coughs.,1,1,1,1,1
5178020220,yes,NSv2pt1,Yes,,,USA,20,female,,USA 20 years,1,The man is coughing. ,1,1,1,1,1
5178020220,yes,NSv2pt1,Yes,,,USA,20,female,,USA 20 years,2,He is coughing into his hand.,1,1,1,1,1
5122324005,no,NNSv1,No,Chinese,,China,18,female,4 - 5 years,USA 6 months,1,0, , , , , 
5122324005,no,NNSv1,No,Chinese,,China,18,female,4 - 5 years,USA 6 months,2,0, , , , , 
5122319759,no,NNSv1,No,Chinese,,China,18,female,8 - 10 years,USA 1 year,1,0, , , , , 
5122319759,no,NNSv1,No,Chinese,,China,18,female,8 - 10 years,USA 1 year,2,0, , , , , 
5122318344,no,NNSv1,No,Chinese,,China,18,female,6 - 8 years,None,1,0, , , , , 
5122318344,no,NNSv1,No,Chinese,,China,18,female,6 - 8 years,None,2,0, , , , , 
5122254650,no,NNSv1,No,German,,Germany,19,female,8 - 10 years,0,1,0, , , , , 
5122254650,no,NNSv1,No,German,,Germany,19,female,8 - 10 years,0,2,0, , , , , 
5122220519,no,NNSv1,No,Spanish,,Mexico,20,male,10 years or more (or native speaker),USA 3 years,1,0, , , , , 
5122220519,no,NNSv1,No,Spanish,,Mexico,20,male,10 years or more (or native speaker),USA 3 years,2,0, , , , , 
5122213899,no,NNSv1,No,Chinese,,China,18,female,5 - 6 years,0,1,0, , , , , 
5122213899,no,NNSv1,No,Chinese,,China,18,female,5 - 6 years,0,2,0, , , , , 
5122213789,no,NNSv1,No,Chinese,,China,19,,10 years or more (or native speaker),USA 4 years,1,0, , , , , 
5122213789,no,NNSv1,No,Chinese,,China,19,,10 years or more (or native speaker),USA 4 years,2,0, , , , , 
5122208454,no,NNSv1,No,Chinese,,China,18,female,6 - 8 years,0,1,0, , , , , 
5122208454,no,NNSv1,No,Chinese,,China,18,female,6 - 8 years,0,2,0, , , , , 
5122151555,no,NNSv1,No,Chinese,,China,20,,4 - 5 years,USA 4 years,1,0, , , , , 
5122151555,no,NNSv1,No,Chinese,,China,20,,4 - 5 years,USA 4 years,2,0, , , , , 
5122035535,no,NNSv1,No,Chinese,,China,18,male,6 - 8 years,None,1,0, , , , , 
5122035535,no,NNSv1,No,Chinese,,China,18,male,6 - 8 years,None,2,0, , , , , 
5121276566,no,NNSv1,No,Chinese,,China,18,male,1 - 2 years,USA 6 months,1,0, , , , , 
5121276566,no,NNSv1,No,Chinese,,China,18,male,1 - 2 years,USA 6 months,2,0, , , , , 
5121271633,no,NNSv1,No,Chinese (Mandarin),,China,21,male,3 - 4 years,USA 2 years,1,0, , , , , 
5121271633,no,NNSv1,No,Chinese (Mandarin),,China,21,male,3 - 4 years,USA 2 years,2,0, , , , , 
5121263656,no,NNSv1,No,Chinese,,China,18,male,6 - 8 years,USA 6 months,1,0, , , , , 
5121263656,no,NNSv1,No,Chinese,,China,18,male,6 - 8 years,USA 6 months,2,0, , , , , 
5121257002,no,NNSv1,No,Chinese,,China,18,female,4 - 5 years,USA 6 months,1,0, , , , , 
5121257002,no,NNSv1,No,Chinese,,China,18,female,4 - 5 years,USA 6 months,2,0, , , , , 
5121255777,no,NNSv1,No,Chinese,,China (ShanDingDong People),19,female,8 - 10 years,USA 3 months,1,0, , , , , 
5121255777,no,NNSv1,No,Chinese,,China (ShanDingDong People),19,female,8 - 10 years,USA 3 months,2,0, , , , , 
5121200462,no,NNSv1,No,Chinese,,China,19,male,4 - 5 years,USA 4 years,1,0, , , , , 
5121200462,no,NNSv1,No,Chinese,,China,19,male,4 - 5 years,USA 4 years,2,0, , , , , 
5121197690,no,NNSv1,No,Chinese,,China,20,female,8 - 10 years,USA 3 months,1,0, , , , , 
5121197690,no,NNSv1,No,Chinese,,China,20,female,8 - 10 years,USA 3 months,2,0, , , , , 
5121196985,no,NNSv1,No,Chinese,,China,20,male,10 years or more (or native speaker),USA 4 months,1,0, , , , , 
5121196985,no,NNSv1,No,Chinese,,China,20,male,10 years or more (or native speaker),USA 4 months,2,0, , , , , 
5121066253,no,NNSv1,No,Chinese,,China,18,female,8 - 10 years,0,1,0, , , , , 
5121066253,no,NNSv1,No,Chinese,,China,18,female,8 - 10 years,0,2,0, , , , , 
5121065562,no,NNSv1,No,Chinese,,China,18,female,10 years or more (or native speaker),USA 4 years,1,0, , , , , 
5121065562,no,NNSv1,No,Chinese,,China,18,female,10 years or more (or native speaker),USA 4 years,2,0, , , , , 
5121064405,no,NNSv1,No,Chinese,,China,19,female,3 - 4 years,USA 1 year,1,0, , , , , 
5121064405,no,NNSv1,No,Chinese,,China,19,female,3 - 4 years,USA 1 year,2,0, , , , , 
5121055649,no,NNSv1,No,Chinese,,China,18,female,5 - 6 years,USA 6 months,1,0, , , , , 
5121055649,no,NNSv1,No,Chinese,,China,18,female,5 - 6 years,USA 6 months,2,0, , , , , 
5121054862,no,NNSv1,No,Chinese,,,18,female,6 - 8 years,USA 4 months,1,0, , , , , 
5121054862,no,NNSv1,No,Chinese,,,18,female,6 - 8 years,USA 4 months,2,0, , , , , 
5121054605,no,NNSv1,No,Chinese,,China,18,female,8 - 10 years,0,1,0, , , , , 
5121054605,no,NNSv1,No,Chinese,,China,18,female,8 - 10 years,0,2,0, , , , , 
5121052927,no,NNSv1,No,Chinese,,China,18,female,8 - 10 years,USA 1 year,1,0, , , , , 
5121052927,no,NNSv1,No,Chinese,,China,18,female,8 - 10 years,USA 1 year,2,0, , , , , 
5121044577,no,NNSv1,No,Chinese,,China,18,male,5 - 6 years,USA 4 months,1,0, , , , , 
5121044577,no,NNSv1,No,Chinese,,China,18,male,5 - 6 years,USA 4 months,2,0, , , , , 
5120971408,no,NNSv1,No,Chinese,,China,18,female,6 - 8 years,0,1,0, , , , , 
5120971408,no,NNSv1,No,Chinese,,China,18,female,6 - 8 years,0,2,0, , , , , 
5120950285,no,NNSv1,No,Korean,,Korea,18,,5 - 6 years,None,1,0, , , , , 
5120950285,no,NNSv1,No,Korean,,Korea,18,,5 - 6 years,None,2,0, , , , , 
5120948811,no,NNSv1,No,Chinese,,China,19,female,8 - 10 years,USA 4 years,1,0, , , , , 
5120948811,no,NNSv1,No,Chinese,,China,19,female,8 - 10 years,USA 4 years,2,0, , , , , 
5120904932,no,NNSv1,No,Chinese,,China,19,female,8 - 10 years,USA 5 years,1,0, , , , , 
5120904932,no,NNSv1,No,Chinese,,China,19,female,8 - 10 years,USA 5 years,2,0, , , , , 
5120884078,no,NNSv1,No,Chinese,,China ,19,female,1 - 2 years,0,1,0, , , , , 
5120884078,no,NNSv1,No,Chinese,,China ,19,female,1 - 2 years,0,2,0, , , , , 
5120792159,no,NNSv1,No,Chinese,,China,19,female,8 - 10 years,USA 2 years,1,0, , , , , 
5120792159,no,NNSv1,No,Chinese,,China,19,female,8 - 10 years,USA 2 years,2,0, , , , , 
5120710511,no,NNSv1,No,Chinese,,China,18,male,8 - 10 years,0,1,0, , , , , 
5120710511,no,NNSv1,No,Chinese,,China,18,male,8 - 10 years,0,2,0, , , , , 
5120676632,no,NNSv1,No,Chinese,,China,18,female,8 - 10 years,0,1,0, , , , , 
5120676632,no,NNSv1,No,Chinese,,China,18,female,8 - 10 years,0,2,0, , , , , 
5120621394,no,NNSv1,No,HINDI,,India,19,female,10 years or more (or native speaker),USA 4 months,1,0, , , , , 
5120621394,no,NNSv1,No,HINDI,,India,19,female,10 years or more (or native speaker),USA 4 months,2,0, , , , , 
5120599398,no,NNSv1,No,Chinese,,China,19,male,4 - 5 years,0,1,0, , , , , 
5120599398,no,NNSv1,No,Chinese,,China,19,male,4 - 5 years,0,2,0, , , , , 
5120588584,no,NNSv1,No,Chinese,,China,17,female,10 years or more (or native speaker),USA 2 years,1,0, , , , , 
5120588584,no,NNSv1,No,Chinese,,China,17,female,10 years or more (or native speaker),USA 2 years,2,0, , , , , 
5120555749,no,NNSv1,No,Chinese,,China,18,female,8 - 10 years,USA 4 years,1,0, , , , , 
5120555749,no,NNSv1,No,Chinese,,China,18,female,8 - 10 years,USA 4 years,2,0, , , , , 
5120524514,no,NNSv1,No,Chinese,,China,19,male,3 - 4 years,USA 3.5 years,1,0, , , , , 
5120524514,no,NNSv1,No,Chinese,,China,19,male,3 - 4 years,USA 3.5 years,2,0, , , , , 
5120517311,no,NNSv1,No,Chinese,,China,18,male,10 years or more (or native speaker),"Australia 1 month, USA 4 months",1,0, , , , , 
5120517311,no,NNSv1,No,Chinese,,China,18,male,10 years or more (or native speaker),"Australia 1 month, USA 4 months",2,0, , , , , 
5120495997,no,NNSv1,No,Chinese,,China,18,female,8 - 10 years,none,1,0, , , , , 
5120495997,no,NNSv1,No,Chinese,,China,18,female,8 - 10 years,none,2,0, , , , , 
5118982249,no,NNSv1,No,Chinese,,China,18,female,8 - 10 years,0,1,0, , , , , 
5118982249,no,NNSv1,No,Chinese,,China,18,female,8 - 10 years,0,2,0, , , , , 
5118956587,no,NNSv1,No,Gujarati,,India,18,male,10 years or more (or native speaker),Taiwan,1,0, , , , , 
5118956587,no,NNSv1,No,Gujarati,,India,18,male,10 years or more (or native speaker),Taiwan,2,0, , , , , 
5118893738,no,NNSv1,No,Chinese,,Taiwan,20,female,8 - 10 years,none,1,0, , , , , 
5118893738,no,NNSv1,No,Chinese,,Taiwan,20,female,8 - 10 years,none,2,0, , , , , 
5118860127,no,NNSv1,No,Chinese,,China,18,male,4 - 5 years,0,1,0, , , , , 
5118860127,no,NNSv1,No,Chinese,,China,18,male,4 - 5 years,0,2,0, , , , , 
5118851978,no,NNSv1,No,Chinese,,China,18,female,8 - 10 years,none,1,0, , , , , 
5118851978,no,NNSv1,No,Chinese,,China,18,female,8 - 10 years,none,2,0, , , , , 
5118794365,no,NNSv1,No,Chinese,,China,19,,4 - 5 years,USA 4 years,1,0, , , , , 
5118794365,no,NNSv1,No,Chinese,,China,19,,4 - 5 years,USA 4 years,2,0, , , , , 
5118793514,no,NNSv1,No,Chinese,,China,18,female,5 - 6 years,USA 3 months,1,0, , , , , 
5118793514,no,NNSv1,No,Chinese,,China,18,female,5 - 6 years,USA 3 months,2,0, , , , , 
5118733755,no,NNSv1,No,Chinese,,China,18,female,5 - 6 years,None,1,0, , , , , 
5118733755,no,NNSv1,No,Chinese,,China,18,female,5 - 6 years,None,2,0, , , , , 
5118717261,no,NNSv1,No,Chinese ,,China ,18,male,3 - 4 years,USA 3 years ,1,0, , , , , 
5118717261,no,NNSv1,No,Chinese ,,China ,18,male,3 - 4 years,USA 3 years ,2,0, , , , , 
5118717036,no,NNSv1,No,Chinese,,China,17,female,5 - 6 years,0,1,0, , , , , 
5118717036,no,NNSv1,No,Chinese,,China,17,female,5 - 6 years,0,2,0, , , , , 
5118697126,no,NNSv1,No,Chinese,,China,19,male,5 - 6 years,USA 4 years,1,0, , , , , 
5118697126,no,NNSv1,No,Chinese,,China,19,male,5 - 6 years,USA 4 years,2,0, , , , , 
5118647597,no,NNSv1,No,Chinese,,China,18,female,5 - 6 years,none,1,0, , , , , 
5118647597,no,NNSv1,No,Chinese,,China,18,female,5 - 6 years,none,2,0, , , , , 
5118627630,no,NNSv1,No,Chinese,,China,19,male,5 - 6 years,USA 4 years,1,0, , , , , 
5118627630,no,NNSv1,No,Chinese,,China,19,male,5 - 6 years,USA 4 years,2,0, , , , , 
5117283530,no,NNSv1,No,Chinese,,China,19,female,10 years or more (or native speaker),0,1,0, , , , , 
5117283530,no,NNSv1,No,Chinese,,China,19,female,10 years or more (or native speaker),0,2,0, , , , , 
5117256553,no,NNSv1,No,Chinese,,China,18,female,6 - 8 years,None,1,0, , , , , 
5117256553,no,NNSv1,No,Chinese,,China,18,female,6 - 8 years,None,2,0, , , , , 
5117224195,no,NNSv1,No,Chinese,,China,17,female,8 - 10 years,USA 4 months,1,0, , , , , 
5117224195,no,NNSv1,No,Chinese,,China,17,female,8 - 10 years,USA 4 months,2,0, , , , , 
5117186096,no,NNSv1,No,Chinese,,China,19,female,10 years or more (or native speaker),0,1,0, , , , , 
5117186096,no,NNSv1,No,Chinese,,China,19,female,10 years or more (or native speaker),0,2,0, , , , , 
5117157283,no,NNSv1,No,Chinese,,China,18,female,10 years or more (or native speaker),USA 3 months,1,0, , , , , 
5117157283,no,NNSv1,No,Chinese,,China,18,female,10 years or more (or native speaker),USA 3 months,2,0, , , , , 
5117079942,no,NNSv1,No,Chinese,,China,18,male,8 - 10 years,USA 4 years,1,0, , , , , 
5117079942,no,NNSv1,No,Chinese,,China,18,male,8 - 10 years,USA 4 years,2,0, , , , , 
5117050687,no,NNSv1,No,"Chinese, English",,China,18,female,8 - 10 years,"UK 6 months, USA 2 years",1,0, , , , , 
5117050687,no,NNSv1,No,"Chinese, English",,China,18,female,8 - 10 years,"UK 6 months, USA 2 years",2,0, , , , , 
5117049523,no,NNSv1,No,Chinese,,China,17,female,4 - 5 years,0,1,0, , , , , 
5117049523,no,NNSv1,No,Chinese,,China,17,female,4 - 5 years,0,2,0, , , , , 
5117049359,no,NNSv1,No,Chinese,,China,18,female,8 - 10 years,USA 4 months,1,0, , , , , 
5117049359,no,NNSv1,No,Chinese,,China,18,female,8 - 10 years,USA 4 months,2,0, , , , , 
5117046245,no,NNSv1,No,Chinese,,China,18,female,4 - 5 years,0,1,0, , , , , 
5117046245,no,NNSv1,No,Chinese,,China,18,female,4 - 5 years,0,2,0, , , , , 
5117046222,no,NNSv1,No,Chinese,,China,18,female,3 - 4 years,0,1,0, , , , , 
5117046222,no,NNSv1,No,Chinese,,China,18,female,3 - 4 years,0,2,0, , , , , 
5116920410,no,NNSv1,No,"Korean, English",,South Korea,19,male,5 - 6 years,"USA 2 years, Singapore 2.5 years",1,0, , , , , 
5116920410,no,NNSv1,No,"Korean, English",,South Korea,19,male,5 - 6 years,"USA 2 years, Singapore 2.5 years",2,0, , , , , 
5116852624,no,NNSv1,No,Chinese,,China,19,male,3 - 4 years,USA 1 year,1,0, , , , , 
5116852624,no,NNSv1,No,Chinese,,China,19,male,3 - 4 years,USA 1 year,2,0, , , , , 
5116818520,no,NNSv1,No,Thai,,Thailand,18,male,4 - 5 years,0,1,0, , , , , 
5116818520,no,NNSv1,No,Thai,,Thailand,18,male,4 - 5 years,0,2,0, , , , , 
5116684093,no,NNSv1,No,Chinese,,Chinese,18,female,4 - 5 years,USA 1 year,1,0, , , , , 
5116684093,no,NNSv1,No,Chinese,,Chinese,18,female,4 - 5 years,USA 1 year,2,0, , , , , 
5116684016,no,NNSv1,No,Chinese,,China,19,female,5 - 6 years,USA 3 years,1,0, , , , , 
5116684016,no,NNSv1,No,Chinese,,China,19,female,5 - 6 years,USA 3 years,2,0, , , , , 
5116683677,no,NNSv1,No,Chinese,,China,18,female,10 years or more (or native speaker),0,1,0, , , , , 
5116683677,no,NNSv1,No,Chinese,,China,18,female,10 years or more (or native speaker),0,2,0, , , , , 
5122403472,no,NNSv2,No,Korean,,South Korea,20,,5 - 6 years,None,1,A man is coughing,1,0,1,1,1
5122403472,no,NNSv2,No,Korean,,South Korea,20,,5 - 6 years,None,2,0, , , , , 
5122339137,no,NNSv2,No,Chinese,,China,19,female,8 - 10 years,0,1,The man is thinking something annoying. ,0,1,1,0,0
5122339137,no,NNSv2,No,Chinese,,China,19,female,8 - 10 years,0,2,0, , , , , 
5122267390,no,NNSv2,No,Chinese,,China,17,male,5 - 6 years,USA 3 years,1,The man is cuffing.,0,1,0,0,0
5122267390,no,NNSv2,No,Chinese,,China,17,male,5 - 6 years,USA 3 years,2,0, , , , , 
5122264918,no,NNSv2,No,"English, Hindi, Gujarati",,India,18,female,10 years or more (or native speaker),USA 5 months,1,He is coughing.,1,1,1,1,1
5122264918,no,NNSv2,No,"English, Hindi, Gujarati",,India,18,female,10 years or more (or native speaker),USA 5 months,2,0, , , , , 
5122238755,no,NNSv2,No,Chinese,,China,21,female,10 years or more (or native speaker),USA 2 years,1,The man is coughing.,1,1,1,1,1
5122238755,no,NNSv2,No,Chinese,,China,21,female,10 years or more (or native speaker),USA 2 years,2,0, , , , , 
5122196677,no,NNSv2,No,Korean,,South Korea,19,,8 - 10 years,0,1,The man is about to sneeze.,0,1,1,1,0
5122196677,no,NNSv2,No,Korean,,South Korea,19,,8 - 10 years,0,2,0, , , , , 
5122154004,no,NNSv2,No,Chinese,,China,19,female,8 - 10 years,"Singapore 6 months, USA 3 years",1,The man is coughing.,1,1,1,1,1
5122154004,no,NNSv2,No,Chinese,,China,19,female,8 - 10 years,"Singapore 6 months, USA 3 years",2,0, , , , , 
5122150305,no,NNSv2,No,"Chinese (Mandarin), Chinese (Sichuanese), English",,China,19,male,6 - 8 years,USA 5 months,1,He is coughing.,1,1,1,1,1
5122150305,no,NNSv2,No,"Chinese (Mandarin), Chinese (Sichuanese), English",,China,19,male,6 - 8 years,USA 5 months,2,0, , , , , 
5122147615,no,NNSv2,No,Chinese,,China,18,female,6 - 8 years,0,1,coughing,1,1,1,1,1
5122147615,no,NNSv2,No,Chinese,,China,18,female,6 - 8 years,0,2,0, , , , , 
5122141700,no,NNSv2,No,Chinese,,China,20,female,8 - 10 years,USA 3 months,1,The man feels not good ,0,0,0,0,0
5122141700,no,NNSv2,No,Chinese,,China,20,female,8 - 10 years,USA 3 months,2,0, , , , , 
5122041816,no,NNSv2,No,Chinese,,China,19,female,4 - 5 years,USA 4 months,1,The man is coughing.,1,1,1,1,1
5122041816,no,NNSv2,No,Chinese,,China,19,female,4 - 5 years,USA 4 months,2,0, , , , , 
5121274781,no,NNSv2,No,Chinese,,China,20,male,1 year or less,USA 1 YEAR,1,The man is sleepy.,0,0,1,1,0
5121274781,no,NNSv2,No,Chinese,,China,20,male,1 year or less,USA 1 YEAR,2,0, , , , , 
5121274279,no,NNSv2,No,"Chinese, English",,China,19,male,6 - 8 years,USA 3 months ,1,A man is coughing.,1,0,1,1,1
5121274279,no,NNSv2,No,"Chinese, English",,China,19,male,6 - 8 years,USA 3 months ,2,0, , , , , 
5121271407,no,NNSv2,No,Chinese,,China,20,male,4 - 5 years,0,1,The man is yawning,0,1,1,1,0
5121271407,no,NNSv2,No,Chinese,,China,20,male,4 - 5 years,0,2,0, , , , , 
5121257823,no,NNSv2,No,Chinese,,China,19,,4 - 5 years,USA 2 years,1,The man is blowing his fist.,0,1,0,0,0
5121257823,no,NNSv2,No,Chinese,,China,19,,4 - 5 years,USA 2 years,2,0, , , , , 
5121256373,no,NNSv2,No,Chinese,,China,18,female,4 - 5 years,USA 6 months,1,The man is coughing.,1,1,1,1,1
5121256373,no,NNSv2,No,Chinese,,China,18,female,4 - 5 years,USA 6 months,2,0, , , , , 
5121255867,no,NNSv2,No,Chinese,,China,18,female,5 - 6 years,USA 2 years,1,A superman is coughing.,1,0,1,1,0
5121255867,no,NNSv2,No,Chinese,,China,18,female,5 - 6 years,USA 2 years,2,0, , , , , 
5121255677,no,NNSv2,No,Chinese,,China,19,female,10 years or more (or native speaker),USA 2 years,1,The man is coughing.,1,1,1,1,1
5121255677,no,NNSv2,No,Chinese,,China,19,female,10 years or more (or native speaker),USA 2 years,2,0, , , , , 
5121247171,no,NNSv2,No,Chineses,,China,18,female,4 - 5 years,USA 4 months,1,He is cheering,0,1,1,1,0
5121247171,no,NNSv2,No,Chineses,,China,18,female,4 - 5 years,USA 4 months,2,0, , , , , 
5121228919,no,NNSv2,No,Chinese,,China,19,female,8 - 10 years,USA 4 months,1,Tha man is snoring with eye-closed.,0,1,0,1,0
5121228919,no,NNSv2,No,Chinese,,China,19,female,8 - 10 years,USA 4 months,2,0, , , , , 
5121225661,no,NNSv2,No,"Chinese, English",,China,19,female,8 - 10 years,none,1,The man is coughing.,1,1,1,1,1
5121225661,no,NNSv2,No,"Chinese, English",,China,19,female,8 - 10 years,none,2,0, , , , , 
5121203334,no,NNSv2,No,Chinese,,China,18,female,6 - 8 years,USA 3 months,1,The man has a cough,1,0,1,1,1
5121203334,no,NNSv2,No,Chinese,,China,18,female,6 - 8 years,USA 3 months,2,0, , , , , 
5121203285,no,NNSv2,No,Chinese,,China,18,,8 - 10 years,USA 6 months,1,He is speaking.,0,1,1,1,0
5121203285,no,NNSv2,No,Chinese,,China,18,,8 - 10 years,USA 6 months,2,0, , , , , 
5121197358,no,NNSv2,No,Chinese,,China,18,male,8 - 10 years,USA 6 months,1,He is singing by himself,0,1,1,1,0
5121197358,no,NNSv2,No,Chinese,,China,18,male,8 - 10 years,USA 6 months,2,0, , , , , 
5121091813,no,NNSv2,No,Chinese,,China,19,male,10 years or more (or native speaker),"USA 1 year, UK 1 year",1,I don't know how to describe that.,0,0,1,0,0
5121091813,no,NNSv2,No,Chinese,,China,19,male,10 years or more (or native speaker),"USA 1 year, UK 1 year",2,0, , , , , 
5120913393,no,NNSv2,No,Chinese,,China,19,male,8 - 10 years,0,1,he is coughing,1,1,1,1,1
5120913393,no,NNSv2,No,Chinese,,China,19,male,8 - 10 years,0,2,0, , , , , 
5120905417,no,NNSv2,No,Chinese,,China,19,female,8 - 10 years,None,1,He is coughing.,1,1,1,1,1
5120905417,no,NNSv2,No,Chinese,,China,19,female,8 - 10 years,None,2,0, , , , , 
5120869272,no,NNSv2,No,Chinese,,China,18,female,6 - 8 years,USA 2 years,1,The man in red is coughing. ,1,0,1,1,1
5120869272,no,NNSv2,No,Chinese,,China,18,female,6 - 8 years,USA 2 years,2,0, , , , , 
5120867943,no,NNSv2,No,Chinese,,China,19,male,5 - 6 years,USA 3 years,1,The man is coughing.,1,1,1,1,1
5120867943,no,NNSv2,No,Chinese,,China,19,male,5 - 6 years,USA 3 years,2,0, , , , , 
5120832113,no,NNSv2,No,Chinese,,China,20,male,6 - 8 years,USA 3 years,1,the man is couching,0,1,0,0,0
5120832113,no,NNSv2,No,Chinese,,China,20,male,6 - 8 years,USA 3 years,2,0, , , , , 
5120787566,no,NNSv2,No,Chinese,,China,18,male,5 - 6 years,None,1,The man is coughing ,1,1,1,1,1
5120787566,no,NNSv2,No,Chinese,,China,18,male,5 - 6 years,None,2,0, , , , , 
5120759056,no,NNSv2,No,Chinese,,China,19,male,8 - 10 years,USA 6 months,1,The man is going to sneeze.,0,1,1,1,0
5120759056,no,NNSv2,No,Chinese,,China,19,male,8 - 10 years,USA 6 months,2,0, , , , , 
5120735232,no,NNSv2,No,"Burmese (Chin), Burmese (Zophei)",,Burma,19,male,6 - 8 years,USA 6 years,1,The man is couching. ,0,1,0,0,0
5120735232,no,NNSv2,No,"Burmese (Chin), Burmese (Zophei)",,Burma,19,male,6 - 8 years,USA 6 years,2,0, , , , , 
5120691484,no,NNSv2,No,Chinese,,China,18,male,8 - 10 years,USA 5 months,1,The man is yelling. ,0,1,1,1,0
5120691484,no,NNSv2,No,Chinese,,China,18,male,8 - 10 years,USA 5 months,2,0, , , , , 
5120690444,no,NNSv2,No,Chinese,,China,19,male,8 - 10 years,0,1,A man has a bad cold.,0,0,1,1,0
5120690444,no,NNSv2,No,Chinese,,China,19,male,8 - 10 years,0,2,0, , , , , 
5120644945,no,NNSv2,No,Chinese,,China,18,male,5 - 6 years,None,1,The man is coughing,1,1,1,1,1
5120644945,no,NNSv2,No,Chinese,,China,18,male,5 - 6 years,None,2,0, , , , , 
5120617955,no,NNSv2,No,"Burmese (Mizo), Burmese (Zophei)",,Burma,19,,5 - 6 years,USA 5 years,1,The man seems to be coughing.,1,1,1,1,1
5120617955,no,NNSv2,No,"Burmese (Mizo), Burmese (Zophei)",,Burma,19,,5 - 6 years,USA 5 years,2,0, , , , , 
5120612433,no,NNSv2,No,Chinese,,China,19,male,10 years or more (or native speaker),None,1,a superman is ...?,0,0,0,0,0
5120612433,no,NNSv2,No,Chinese,,China,19,male,10 years or more (or native speaker),None,2,0, , , , , 
5120588026,no,NNSv2,No,Chinese,,China,18,female,8 - 10 years,0,1,The man is going to make an announcement.,0,1,1,0,0
5120588026,no,NNSv2,No,Chinese,,China,18,female,8 - 10 years,0,2,0, , , , , 
5120587277,no,NNSv2,No,Chinese,,China,19,female,8 - 10 years,0,1,The man is singing.,0,1,1,1,0
5120587277,no,NNSv2,No,Chinese,,China,19,female,8 - 10 years,0,2,0, , , , , 
5118956291,no,NNSv2,No,Vietnamese,,Vietnam,19,male,3 - 4 years,USA 4 years,1,The man is coughing.,1,1,1,1,1
5118956291,no,NNSv2,No,Vietnamese,,Vietnam,19,male,3 - 4 years,USA 4 years,2,0, , , , , 
5118948301,no,NNSv2,No,Chinese,,China,19,male,3 - 4 years,USA 6 months,1,The man is coughing.,1,1,1,1,1
5118948301,no,NNSv2,No,Chinese,,China,19,male,3 - 4 years,USA 6 months,2,0, , , , , 
5118734377,no,NNSv2,No,Chinese,,China,21,female,6 - 8 years,USA 4 months,1,Man is cough,1,0,0,1,1
5118734377,no,NNSv2,No,Chinese,,China,21,female,6 - 8 years,USA 4 months,2,0, , , , , 
5118627573,no,NNSv2,No,Chinese,,China,18,male,8 - 10 years,USA 1 year,1,The man is putting his punch front of his mouth.,0,1,0,0,0
5118627573,no,NNSv2,No,Chinese,,China,18,male,8 - 10 years,USA 1 year,2,0, , , , , 
5118627171,no,NNSv2,No,Chinese,,China,19,,6 - 8 years,0,1,The man gets sick.,0,0,1,1,0
5118627171,no,NNSv2,No,Chinese,,China,19,,6 - 8 years,0,2,0, , , , , 
5118617449,no,NNSv2,No,Chinese,,China,18,male,6 - 8 years,USA 1 month,1,He is yawning.,0,1,1,1,0
5118617449,no,NNSv2,No,Chinese,,China,18,male,6 - 8 years,USA 1 month,2,0, , , , , 
5117304927,no,NNSv2,No,Bahasa (Indonesian),,Indonesia,19,male,8 - 10 years,Singapore 1 month,1,The man is coughing,1,1,1,1,1
5117304927,no,NNSv2,No,Bahasa (Indonesian),,Indonesia,19,male,8 - 10 years,Singapore 1 month,2,0, , , , , 
5117304721,no,NNSv2,No,Chinese,,China,20,male,5 - 6 years,USA 3 years,1,He is coughing.,1,1,1,1,1
5117304721,no,NNSv2,No,Chinese,,China,20,male,5 - 6 years,USA 3 years,2,0, , , , , 
5117304379,no,NNSv2,No,Chinese,,China,18,male,5 - 6 years,USA 4 months,1,The man is coughing.,1,1,1,1,1
5117304379,no,NNSv2,No,Chinese,,China,18,male,5 - 6 years,USA 4 months,2,0, , , , , 
5117292872,no,NNSv2,No,Chinese,,China,20,male,10 years or more (or native speaker),0,1,The man is shutting.,0,1,0,0,0
5117292872,no,NNSv2,No,Chinese,,China,20,male,10 years or more (or native speaker),0,2,0, , , , , 
5117292473,no,NNSv2,No,Chinese,,China,18,male,10 years or more (or native speaker),USA 4 months ,1,The man is holding his fist.,0,1,1,1,1
5117292473,no,NNSv2,No,Chinese,,China,18,male,10 years or more (or native speaker),USA 4 months ,2,0, , , , , 
5117287627,no,NNSv2,No,Chinese,,China,19,male,5 - 6 years,0,1,The man is ,0,0,0,0,0
5117287627,no,NNSv2,No,Chinese,,China,19,male,5 - 6 years,0,2,0, , , , , 
5117268301,no,NNSv2,No,Chinese,,China,18,male,10 years or more (or native speaker),0,1,A man is socaring,0,0,0,0,0
5117268301,no,NNSv2,No,Chinese,,China,18,male,10 years or more (or native speaker),0,2,0, , , , , 
5117246945,no,NNSv2,No,Chinese,,China,18,female,8 - 10 years,No,1,The man is coughing.,1,1,1,1,1
5117246945,no,NNSv2,No,Chinese,,China,18,female,8 - 10 years,No,2,0, , , , , 
5117197154,no,NNSv2,No,Chinese,,China,18,female,3 - 4 years,USA 6 months,1,The man is coughing.,1,1,1,1,1
5117197154,no,NNSv2,No,Chinese,,China,18,female,3 - 4 years,USA 6 months,2,0, , , , , 
5117163574,no,NNSv2,No,Chinese,,China,19,female,6 - 8 years,USA 6 months,1,A man is prepare to sing,0,0,1,1,0
5117163574,no,NNSv2,No,Chinese,,China,19,female,6 - 8 years,USA 6 months,2,0, , , , , 
5117162282,no,NNSv2,No,Chinese ,,China,18,female,10 years or more (or native speaker),USA 2.5 years,1,the man's coughing,1,1,1,1,1
5117162282,no,NNSv2,No,Chinese ,,China,18,female,10 years or more (or native speaker),USA 2.5 years,2,0, , , , , 
5117160840,no,NNSv2,No,Chinese,,China,18,female,8 - 10 years,UK 1 year,1,The man is coughing.,1,1,1,1,1
5117160840,no,NNSv2,No,Chinese,,China,18,female,8 - 10 years,UK 1 year,2,0, , , , , 
5117076514,no,NNSv2,No,Chinese,,China,20,female,5 - 6 years,USA 4 month,1,The man want to fight someone or something ,0,0,0,1,0
5117076514,no,NNSv2,No,Chinese,,China,20,female,5 - 6 years,USA 4 month,2,0, , , , , 
5117075302,no,NNSv2,No,Chinese,,Brazil,18,female,6 - 8 years,USA 4 months,1,The man is coughing.,1,1,1,1,1
5117075302,no,NNSv2,No,Chinese,,Brazil,18,female,6 - 8 years,USA 4 months,2,0, , , , , 
5117067086,no,NNSv2,No,Chinese,,China,18,male,6 - 8 years,USA 3 months,1,the man is yelling ,0,1,1,1,0
5117067086,no,NNSv2,No,Chinese,,China,18,male,6 - 8 years,USA 3 months,2,0, , , , , 
5117049228,no,NNSv2,No,Chinese ,,China,18,female,10 years or more (or native speaker),USA 1 year,1,He closed his eyes to cough.,1,0,1,1,1
5117049228,no,NNSv2,No,Chinese ,,China,18,female,10 years or more (or native speaker),USA 1 year,2,0, , , , , 
5117039716,no,NNSv2,No,Chinese,,China,20,male,8 - 10 years,None,1,The man is coughing.,1,1,1,1,1
5117039716,no,NNSv2,No,Chinese,,China,20,male,8 - 10 years,None,2,0, , , , , 
5117039566,no,NNSv2,No,Chinese,,China,18,female,8 - 10 years,USA 6 months,1,The man is clear his throat ,1,0,0,1,1
5117039566,no,NNSv2,No,Chinese,,China,18,female,8 - 10 years,USA 6 months,2,0, , , , , 
5116965703,no,NNSv2,No,"Burmese, Burmese (Chin)",,Burma (Myanmar),19,male,5 - 6 years,USA 6 years,1,The man is coughing ,1,1,1,1,1
5116965703,no,NNSv2,No,"Burmese, Burmese (Chin)",,Burma (Myanmar),19,male,5 - 6 years,USA 6 years,2,0, , , , , 
5116825442,no,NNSv2,No,Arabic,,Saudi Arabia,26,male,2 - 3 years,USA 5 years,1,The man is coughing. ,1,1,1,1,1
5116825442,no,NNSv2,No,Arabic,,Saudi Arabia,26,male,2 - 3 years,USA 5 years,2,0, , , , , 
5116801365,no,NNSv2,No,Chinese,,China,19,male,8 - 10 years,UK (England) 1 year ,1,The man is pretending he is singing now.,0,1,1,1,0
5116801365,no,NNSv2,No,Chinese,,China,19,male,8 - 10 years,UK (England) 1 year ,2,0, , , , , 
5116756326,no,NNSv2,No,Chinese (Mandarin),,China,18,female,8 - 10 years,none,1,He is coughing.,1,1,1,1,1
5116756326,no,NNSv2,No,Chinese (Mandarin),,China,18,female,8 - 10 years,none,2,0, , , , , 
5116738692,no,NNSv2,No,Chinese,,China,19,female,8 - 10 years,USA 4 months,1,The man is coughing.,1,1,1,1,1
5116738692,no,NNSv2,No,Chinese,,China,19,female,8 - 10 years,USA 4 months,2,0, , , , , 
5116703543,no,NNSv2,No,"Chinese (Mandarin), Chinese (Cantonese), Chinese (Fujianese)",,China (Hong Kong),18,male,8 - 10 years,USA 3 years,1,The man is coughing.,1,1,1,1,1
5116703543,no,NNSv2,No,"Chinese (Mandarin), Chinese (Cantonese), Chinese (Fujianese)",,China (Hong Kong),18,male,8 - 10 years,USA 3 years,2,0, , , , , 
5194288670,no,NSv1,Yes,English,Spanish,USA,51,female,na,USA 45 years,1,0, , , , , 
5194288670,no,NSv1,Yes,English,Spanish,USA,51,female,na,USA 45 years,2,0, , , , , 
5193184118,no,NSv1,Yes,English,,USA,25,female,na,USA 25 years,1,0, , , , , 
5193184118,no,NSv1,Yes,English,,USA,25,female,na,USA 25 years,2,0, , , , , 
5179366828,no,NSv1,Yes,English,,USA,52,male,na,"USA 52 years, UK (Britain) 4 months",1,0, , , , , 
5179366828,no,NSv1,Yes,English,,USA,52,male,na,"USA 52 years, UK (Britain) 4 months",2,0, , , , , 
5176667408,no,NSv1,Yes,English,German,USA,34,male,na,USA 34 years,1,0, , , , , 
5176667408,no,NSv1,Yes,English,German,USA,34,male,na,USA 34 years,2,0, , , , , 
5175318842,no,NSv1,Yes,English,Spanish,USA,41,female,na,USA 41 years,1,0, , , , , 
5175318842,no,NSv1,Yes,English,Spanish,USA,41,female,na,USA 41 years,2,0, , , , , 
5175274588,no,NSv1,Yes,English,,USA,29,female,na,USA 29 years,1,0, , , , , 
5175274588,no,NSv1,Yes,English,,USA,29,female,na,USA 29 years,2,0, , , , , 
5174857939,no,NSv1,Yes,English,"Spanish, German",USA,23,male,na,USA 23 years,1,0, , , , , 
5174857939,no,NSv1,Yes,English,"Spanish, German",USA,23,male,na,USA 23 years,2,0, , , , , 
5174821975,no,NSv1,Yes,English,,USA,35,male,na,0,1,0, , , , , 
5174821975,no,NSv1,Yes,English,,USA,35,male,na,0,2,0, , , , , 
5174820010,no,NSv1,Yes,English,,USA,30,other / prefer not to say,na,USA 30 years,1,0, , , , , 
5174820010,no,NSv1,Yes,English,,USA,30,other / prefer not to say,na,USA 30 years,2,0, , , , , 
5169658846,no,NSv1,Yes,English,,USA,37,female,na,USA 37 years,1,0, , , , , 
5169658846,no,NSv1,Yes,English,,USA,37,female,na,USA 37 years,2,0, , , , , 
5168440976,no,NSv1,Yes,English,German,USA,40,male,na,"USA 39 years, UK (England) 1 year",1,0, , , , , 
5168440976,no,NSv1,Yes,English,German,USA,40,male,na,"USA 39 years, UK (England) 1 year",2,0, , , , , 
5167990844,no,NSv1,Yes,English,"Chinese (Mandarin), French",USA,34,male,na,USA 28 years,1,0, , , , , 
5167990844,no,NSv1,Yes,English,"Chinese (Mandarin), French",USA,34,male,na,USA 28 years,2,0, , , , , 
5167875278,no,NSv1,Yes,English,Japanese,USA,34,male,na,USA 34 years,1,0, , , , , 
5167875278,no,NSv1,Yes,English,Japanese,USA,34,male,na,USA 34 years,2,0, , , , , 
5167718964,no,NSv1,Yes,English,,USA,36,female,na,0,1,0, , , , , 
5167718964,no,NSv1,Yes,English,,USA,36,female,na,0,2,0, , , , , 
5167717026,no,NSv1,Yes,English,,USA,36,male,na,USA 36 years,1,0, , , , , 
5167717026,no,NSv1,Yes,English,,USA,36,male,na,USA 36 years,2,0, , , , , 
5167683969,no,NSv1,Yes,English,,USA,30,male,na,USA 30 years,1,0, , , , , 
5167683969,no,NSv1,Yes,English,,USA,30,male,na,USA 30 years,2,0, , , , , 
5154083233,no,NSv1,Yes,English,,USA,34,male,na,USA 34 years,1,0, , , , , 
5154083233,no,NSv1,Yes,English,,USA,34,male,na,USA 34 years,2,0, , , , , 
5198424086,no,NSv2,Yes,English,,USA,28,male,na,USA 28 years,1,The man is coughing.,1,1,1,1,1
5198424086,no,NSv2,Yes,English,,USA,28,male,na,USA 28 years,2,The man is coughing loudly.,1,1,1,1,1
5198295958,no,NSv2,Yes,English,Spanish,USA,30,male,na,USA 30 years,1,The man is coughing.,1,1,1,1,1
5198295958,no,NSv2,Yes,English,Spanish,USA,30,male,na,USA 30 years,2,The man is coughing into his hand.,1,1,1,1,1
5176449044,no,NSv2,Yes,English,,USA,61,male,na,USA 61 years,1,He is attempting to cover a cough or sneeze.,1,1,1,1,1
5176449044,no,NSv2,Yes,English,,USA,61,male,na,USA 61 years,2,He is trying to prevent germs from spreading.,0,1,1,0,1
5175457051,no,NSv2,Yes,English,French,USA,59,female,na,"USA 53 years, UK (England) 3 years",1,The man is coughing.,1,1,1,1,1
5175457051,no,NSv2,Yes,English,French,USA,59,female,na,"USA 53 years, UK (England) 3 years",2,He is coughing.,1,1,1,1,1
5174797368,no,NSv2,Yes,English,Spanish,USA,37,female,na,USA 37 years,1,The man coughs.,1,0,1,1,1
5174797368,no,NSv2,Yes,English,Spanish,USA,37,female,na,USA 37 years,2,The man sneezes.,0,0,1,1,0
5174785877,no,NSv2,Yes,English,Spanish,USA,31,male,na,USA 31 years,1,The man coughs.,1,0,1,1,1
5174785877,no,NSv2,Yes,English,Spanish,USA,31,male,na,USA 31 years,2,A guy clears his throat.,1,0,1,1,1
5170498002,no,NSv2,Yes,English,Spanish,USA,67,female,na,USA 67 years,1,The man is coughing.,1,1,1,1,1
5170498002,no,NSv2,Yes,English,Spanish,USA,67,female,na,USA 67 years,2,The man is covering his mouth as he coughs.,1,1,1,1,1
5169732986,no,NSv2,Yes,English,Spanish,USA,44,male,na,"USA 39 years, Ireland 1 year",1,The man is yawning.,0,1,1,1,0
5169732986,no,NSv2,Yes,English,Spanish,USA,44,male,na,"USA 39 years, Ireland 1 year",2,The man is tired out.,0,0,1,1,0
5169732947,no,NSv2,Yes,English,French,USA,58,female,na,USA 55 years,1,The man is covering up a cough.,1,1,1,1,1
5169732947,no,NSv2,Yes,English,French,USA,58,female,na,USA 55 years,2,He might be covering up a sneeze.,0,1,1,0,0
5169071370,no,NSv2,Yes,English,German,USA,27,male,na,USA 27 years,1,The man in the red shirt is coughing.,1,0,1,1,1
5169071370,no,NSv2,Yes,English,German,USA,27,male,na,USA 27 years,2,He is clearing his throat.,1,1,1,1,1
5165784214,no,NSv2,Yes,English,,USA,35,male,na,USA 35 years,1,The man had a coughing fit. ,1,0,1,1,1
5165784214,no,NSv2,Yes,English,,USA,35,male,na,USA 35 years,2,The man covered his cough. ,1,0,1,1,1
5154089547,no,NSv2,Yes,English,,USA,57,female,na,USA 57 years,1,The man is coughing.,1,1,1,1,1
5154089547,no,NSv2,Yes,English,,USA,57,female,na,USA 57 years,2,The man is covering his cough.,1,1,1,1,1
