I05T,I05T Interp
the teacher is teaching math,
the teacher is pointing the numbers,
she is teaching math,
she is teaching,
she is teaching the calculate,
the teacher is teaching addition to a student,
the teacher is teaching a math class,
the teacher is teaching simple math problem in the classroom,
this is a math class and the teacher is teaching some easy math problems to the child,
the teacher is teaching the math class in the primary school's class,
the teacher is showing the solutions of last night homework,
the teaching is teaching math,
the teacher is teaching some basic math problems of plus and minus in a section,
a teacher teaches the student mathematics,
the teacher is teaching the student math,
the teacher is teaching the math,
she is teaching the student mathematics,
the woman is teaching math to a young boy,
the teacher is teaching,
"this teacher is teaching simple mathematics, like minus and plus formation",
the female teacher is teaching a boy math,
the teacher is teaching math in class,
the teacher is teaching her class,
the teacher is standing,
the female teacher is giving a math class to her student,
she is teaching the maths,
the teacher is teaching math on the board,
the teacher is teaching math in the classroom which only has one student,
the boy is having the math class alone,
she is teaching some math problems,
the teacher is teaching students two plus two is equal 4,
the teacher is teaching math to her student,
the teacher is teaching the boy maths,
the teacher is teaching math problems,
teaching a student about math,
the teacher is teaching the math to the boy,
she is teaching math to her student,
the teacher is teaching math to the only student,
the teacher is teaching a little boy how to count two add two and eight minus six,
the teacher is teaching mathematics to a boy,
the teacher is teaching the primary math,
she is teaching how to calculate maths in the class,
the teacher is teaching the boy math,
the teacher is giving a math lesson to a student,
the teacher is giving a math lesson,
the teacher is teaching math to a student,
math is being taught to the student by the teacher,
the teacher is teaching the student,
she is pointing at a problem,
the teacher appears to be teaching simple math to young children,
the teacher is presenting some simple math problems to a student,
the teacher is demonstrating addition and subtraction,
she is pointing to the math problems on the board,
the teacher is explaining,
the teacher is educating at least one child,
she is teaching the students math,
she is instructing the class on arithmetic,
she is showing the student calculations,
she is teaching a student,
the teacher is pointing to the chalk board,
she is teaching a lesson,
the teacher is teaching the student basic math,
she is tutoring the boy but he is distracted by her hotness,
she's teaching math,
she's teaching arithmetic,
the teacher appears to be teaching a solitary student how to add and subtract,
the teacher appears to be pointing to the number 2,
teaching math,
to her student,
the teacher is reviewing math with a student,
teaching,
addressing the class,
she is teaching a math problem,
she is asking the student if the answers are correct,
the teacher is instructing the student,
the student is being taught a math lesson,
the teacher is teaching arithmetic,
the teacher is teaching the pupil,
the teacher is holding a pointer,
the teacher is reviewing math problems,
the teachers in instructing math,
meth,
sit,
she is tutoring the boy in arithmetic,
she is leading a math class,
the teacher is teaching a student how to add 2+2=4 and 8-6=2,
the teacher is explaining math facts,
the teacher wrote examples of math facts,
marg,
she is demonstrating math problems,
looking good,
thinking about how dumb that kid is,
she's a math tutor,
the boy is learning math,
the teacher is teaching the boy how to add,
the boy is learning how to add by the teacher,
the teacher is asking a question,
this woman is teaching math to the boy,
the teacher is presenting math problems,
pointing to the board,
showing math problems,
this instructor is teaching very basic math,
this teacher needs to improve her educational methods,
she's showing them how to do the assignment,
she's teaching a class,
the teacher is going over the boy's math,
the teacher is teaching a class in arithmetic,
she is teaching her students addition and subtraction,
writing on the black board,
telling student what she wrote on the black board,
the math teacher is giving a lesson,
the teacher is pointing to the chalkboard,
she teaches math,
she explains a math problem on the board,
the boy is learning,
the teacher is explaining math,
teaching math to a boy,
the boy is listening to the teacher,
the woman is helping the child learn,
the teacher is going over math,
the woman is teaching the kids math,
she is teaching the boy math,
the teacher is standing in front of the chalkboard,
the teacher is explaining addition and subtraction,
the teacher is helping the student with math,
the teacher is explaining math problems to her class,
the teacher is teaching a math lesson,
the teacher is asking for the student's attention,
the teacher is showing a math problem,
the teacher is showing the student how to do the math problem,
writing on blackboard,
grading a math answer,
she is teaching one student,
the student is bored,
the teacher is explaining a math problem,
the lady teacher is explaining arithmetic,
the teacher is explaining an arithmetic problem,
the teacher is tutoring her student in arithmetic,
this teacher is teaching math,
this math teacher is teaching addition and subtraction,
she is teaching her student mathematics,
she is using a math example to teach math to her pupil,
the teacher is conducting a math class,
the teacher is reviewing math problems with the student as test prep,
addition and subtraction,
a teacher is instructing a student in math,
a woman is teaching a young boy math on a blackboard,
she is explaining addition and subtraction to a student,
the teacher is instructing in math,
yhcn,
kekdkd,
the teacher has written examples on the blackboard,
she is instructing her students in arithmetic,
the teacher is pointing to black board,
the teacher is wondering if the students notice her strabismus?,
the student is learning math,
