I01T,I01T Answer
the boy is dancing,
he is singing and dancing,
a boy is dancing along with music,
he is dancing,
the boy is singing and dancing,
he is dancing and singing,
the boy dances with music on,
he is singing,
the smiling boy is dancing with music,
the boy is singing songs,
the boy is dancing with the music,
this boy is dancing,
a young boy is dancing along with music,
the boy is dancing to music,
a young man is dancing with the music on,
the boy is dancing along the music,
the boy is playing with music,
a boy is dancing with music,
the boy is dancing with music,
the boy is dancing accompanying with music,
the man is dancing with music,
a boy is dancing,
this boy is dancing with music,
dancing with music,
the boy is dancing and singing,
the boy is dancing by following the music,
he is dancing to music,
a boy is moving to the beat of music,
the boy is totally jamming out,
the boy is getting down,
the boy is grooving to the music,
the young man is dancing,
the boy is partying,
he is enjoying music,
the boy is one with the music,
he is moving to the music,
he is having a great time listening to music,
he is dancing to the music,
he is having a seizure,
the young man has become filled with the joy of music and he flails to its rhythm,
he's dancing to music,
the boy appears to be dancing,
the boy appears to be moving his body in time to music,
he is dacing,
he is having a good time,
the boy is having fun,
dancing,
enjoying music,
the boy is singing,
the boy likes music,
the lad is dancing,
the young man is joyous,
have fun,
do dance,
he's doing a happy dance,
he's enjoying the song,
the boy is dancing to the music,
the boy is dancing to the rythm,
the music is enticing the boy to dance,
danceing,
singing,
he is listening to music,
he's dancing,
the boy is dancing happily,
the boy is listening to music while happily dancing,
the boy is celebrating,
this boy appears to be dancing,
this man appears to be dancing because he is happy,
getting his groove on,
this boy is enjoying the music,
this boy enjoys dancing to his favorite tune,
he's rocking out,
he's grooving,
the boy is dancing a jig,
the boy is enjoying himself,
the kid is grooving,
he enjoys dancing to music,
the boy has music in his bones,
dancing to music,
exercising to music,
the boy is jiving,
a child is having fun,
he is a dancing machine,
having fun,
he is enjoying his music,
the boy is listening to music and dancing,
how the hell should i know,
grooving to music,
the boy is having a good time,
i think this boy likes music,
he is doing a happy dance,
clebrating a great report card,
the boy is listening to music,
the boy is listening to his favorite song,
this boy is dancing vigorously,
the happy boy is smiling as he dances,
fcx,
the boy is really enjoying the party,
the boy enjoys the music playing,
