RespondentID,Purchased response?,Source,L1 Eng?,L1s,Other Ls,Country,Age,Gender,years Eng,Eng residence,1stOr2ndResponse,What is happening?,A1 Core,A1 Answer,A1 Gramm,A1 Interp,A1 Verif,A2 Core,A2 Answer,A2 Gramm,A2 Interp,A2 Verif
5169644279,yes,NSv1pt2,Yes,,,USA,64,male,,USA 64 years,1,0, , , , , 
5169644279,yes,NSv1pt2,Yes,,,USA,64,male,,USA 64 years,2,0, , , , , 
5169631755,yes,NSv1pt2,No,"Spanish, French",,Ecuador,46,male,10 years or more,USA 15 years,1,0, , , , , 
5169631755,yes,NSv1pt2,No,"Spanish, French",,Ecuador,46,male,10 years or more,USA 15 years,2,0, , , , , 
5169630802,yes,NSv1pt2,Yes,,,USA,29,male,,USA 29 years,1,0, , , , , 
5169630802,yes,NSv1pt2,Yes,,,USA,29,male,,USA 29 years,2,0, , , , , 
5169630165,yes,NSv1pt2,Yes,,,,,,,,1,0, , , , , 
5169630165,yes,NSv1pt2,Yes,,,,,,,,2,0, , , , , 
5169627724,yes,NSv1pt2,Yes,,,USA,45,male,,USA 2 years,1,0, , , , , 
5169627724,yes,NSv1pt2,Yes,,,USA,45,male,,USA 2 years,2,0, , , , , 
5169625545,yes,NSv1pt2,Yes,,,USA,71,male,,,1,0, , , , , 
5169625545,yes,NSv1pt2,Yes,,,USA,71,male,,,2,0, , , , , 
5169597105,yes,NSv1pt2,Yes,,,USA,56,male,,,1,0, , , , , 
5169597105,yes,NSv1pt2,Yes,,,USA,56,male,,,2,0, , , , , 
5169592775,yes,NSv1pt2,Yes,,,USA,21,male,,USA 21 years,1,0, , , , , 
5169592775,yes,NSv1pt2,Yes,,,USA,21,male,,USA 21 years,2,0, , , , , 
5169589632,yes,NSv1pt2,Yes,,,USA,69,male,,USA 69 years,1,0, , , , , 
5169589632,yes,NSv1pt2,Yes,,,USA,69,male,,USA 69 years,2,0, , , , , 
5169571041,yes,NSv1pt2,Yes,,,USA,55,male,,USA 55 years,1,0, , , , , 
5169571041,yes,NSv1pt2,Yes,,,USA,55,male,,USA 55 years,2,0, , , , , 
5169567092,yes,NSv1pt2,Yes,,,,,,,,1,0, , , , , 
5169567092,yes,NSv1pt2,Yes,,,,,,,,2,0, , , , , 
5169563512,yes,NSv1pt2,Yes,,French,USA,36,male,,"USA 35 years,  UK 1 year",1,0, , , , , 
5169563512,yes,NSv1pt2,Yes,,French,USA,36,male,,"USA 35 years,  UK 1 year",2,0, , , , , 
5169562837,yes,NSv1pt2,Yes,,,USA,37,male,,USA 37 ,1,0, , , , , 
5169562837,yes,NSv1pt2,Yes,,,USA,37,male,,USA 37 ,2,0, , , , , 
5169555334,yes,NSv1pt2,Yes,,,USA,19,male,,USA,1,0, , , , , 
5169555334,yes,NSv1pt2,Yes,,,USA,19,male,,USA,2,0, , , , , 
5169547974,yes,NSv1pt2,Yes,,,USA,22,male,,,1,0, , , , , 
5169547974,yes,NSv1pt2,Yes,,,USA,22,male,,,2,0, , , , , 
5169545857,yes,NSv1pt2,Yes,,,USA,47,male,,,1,0, , , , , 
5169545857,yes,NSv1pt2,Yes,,,USA,47,male,,,2,0, , , , , 
5169541655,yes,NSv1pt2,Yes,,,USA,70,male,,USA 70 years,1,0, , , , , 
5169541655,yes,NSv1pt2,Yes,,,USA,70,male,,USA 70 years,2,0, , , , , 
5169541012,yes,NSv1pt2,Yes,,,USA,56,male,,USA 56 years,1,0, , , , , 
5169541012,yes,NSv1pt2,Yes,,,USA,56,male,,USA 56 years,2,0, , , , , 
5169538480,yes,NSv1pt2,Yes,,,USA,42,female,,"Australia 1 year,  New Zealand 2 years",1,0, , , , , 
5169538480,yes,NSv1pt2,Yes,,,USA,42,female,,"Australia 1 year,  New Zealand 2 years",2,0, , , , , 
5169537644,yes,NSv1pt2,Yes,,,USA,75,male,,,1,0, , , , , 
5169537644,yes,NSv1pt2,Yes,,,USA,75,male,,,2,0, , , , , 
5169500971,yes,NSv1pt2,Yes,,Several computer languages,USA,65,male,,USA  65 years,1,0, , , , , 
5169500971,yes,NSv1pt2,Yes,,Several computer languages,USA,65,male,,USA  65 years,2,0, , , , , 
5169499863,yes,NSv1pt2,Yes,,,Nigeria,20,female,,"Nigeria, The Gambia, Sierra Leone",1,0, , , , , 
5169499863,yes,NSv1pt2,Yes,,,Nigeria,20,female,,"Nigeria, The Gambia, Sierra Leone",2,0, , , , , 
5169497727,yes,NSv1pt2,Yes,,,USA,65,male,,USA 65 years,1,0, , , , , 
5169497727,yes,NSv1pt2,Yes,,,USA,65,male,,USA 65 years,2,0, , , , , 
5169493572,yes,NSv1pt2,No,,,Puerto Rico,61,female,10 years or more,USA 35 years,1,0, , , , , 
5169493572,yes,NSv1pt2,No,,,Puerto Rico,61,female,10 years or more,USA 35 years,2,0, , , , , 
5169491690,yes,NSv1pt2,Yes,,,USA,63,female,,USA 63 years,1,0, , , , , 
5169491690,yes,NSv1pt2,Yes,,,USA,63,female,,USA 63 years,2,0, , , , , 
5169490672,yes,NSv1pt2,Yes,,German,USA,32,other / prefer not to say,,none,1,0, , , , , 
5169490672,yes,NSv1pt2,Yes,,German,USA,32,other / prefer not to say,,none,2,0, , , , , 
5169489445,yes,NSv1pt2,Yes,,American Sign Language ,USA,19,female,,USA 19 years,1,0, , , , , 
5169489445,yes,NSv1pt2,Yes,,American Sign Language ,USA,19,female,,USA 19 years,2,0, , , , , 
5169487669,yes,NSv1pt2,Yes,,,USA,39,female,,USA 39 years,1,0, , , , , 
5169487669,yes,NSv1pt2,Yes,,,USA,39,female,,USA 39 years,2,0, , , , , 
5169478667,yes,NSv1pt2,No,,,,,,,,1,0, , , , , 
5169478667,yes,NSv1pt2,No,,,,,,,,2,0, , , , , 
5169478339,yes,NSv1pt2,Yes,,,USA,63,female,,USA,1,0, , , , , 
5169478339,yes,NSv1pt2,Yes,,,USA,63,female,,USA,2,0, , , , , 
5169474106,yes,NSv1pt2,Yes,,Farsi,USA,26,male,,USA 26 years,1,0, , , , , 
5169474106,yes,NSv1pt2,Yes,,Farsi,USA,26,male,,USA 26 years,2,0, , , , , 
5169473399,yes,NSv1pt2,Yes,,,USA,54,female,,,1,0, , , , , 
5169473399,yes,NSv1pt2,Yes,,,USA,54,female,,,2,0, , , , , 
5169472598,yes,NSv1pt2,Yes,,,USA,64,male,,USA 64 years,1,0, , , , , 
5169472598,yes,NSv1pt2,Yes,,,USA,64,male,,USA 64 years,2,0, , , , , 
5169470270,yes,NSv1pt2,Yes,,French,USA,35,female,,USA,1,0, , , , , 
5169470270,yes,NSv1pt2,Yes,,French,USA,35,female,,USA,2,0, , , , , 
5169463329,yes,NSv1pt2,Yes,,,USA  ,54,female,,USA 54 years,1,0, , , , , 
5169463329,yes,NSv1pt2,Yes,,,USA  ,54,female,,USA 54 years,2,0, , , , , 
5169460275,yes,NSv1pt2,No,,,,,,10 years or more,,1,0, , , , , 
5169460275,yes,NSv1pt2,No,,,,,,10 years or more,,2,0, , , , , 
5169455515,yes,NSv1pt2,Yes,,,USA,65,female,,USA 65 years,1,0, , , , , 
5169455515,yes,NSv1pt2,Yes,,,USA,65,female,,USA 65 years,2,0, , , , , 
5169449777,yes,NSv1pt2,Yes,,,USA,67,female,,USA 67 years,1,0, , , , , 
5169449777,yes,NSv1pt2,Yes,,,USA,67,female,,USA 67 years,2,0, , , , , 
5169447734,yes,NSv1pt2,Yes,,,USA,39,male,,USA 39 years,1,0, , , , , 
5169447734,yes,NSv1pt2,Yes,,,USA,39,male,,USA 39 years,2,0, , , , , 
5169444726,yes,NSv1pt2,Yes,,,USA,27,female,,USA 27 years,1,0, , , , , 
5169444726,yes,NSv1pt2,Yes,,,USA,27,female,,USA 27 years,2,0, , , , , 
5169444447,yes,NSv1pt2,Yes,,,USA,26,female,,,1,0, , , , , 
5169444447,yes,NSv1pt2,Yes,,,USA,26,female,,,2,0, , , , , 
5169444308,yes,NSv1pt2,Yes,,,USA,36,female,,,1,0, , , , , 
5169444308,yes,NSv1pt2,Yes,,,USA,36,female,,,2,0, , , , , 
5169442992,yes,NSv1pt2,Yes,,,USA,29,female,,USA 29 years,1,0, , , , , 
5169442992,yes,NSv1pt2,Yes,,,USA,29,female,,USA 29 years,2,0, , , , , 
5169440114,yes,NSv1pt2,Yes,,,USA,71,female,,USA 71 years,1,0, , , , , 
5169440114,yes,NSv1pt2,Yes,,,USA,71,female,,USA 71 years,2,0, , , , , 
5169438009,yes,NSv1pt2,No,,,,24,female,,,1,0, , , , , 
5169438009,yes,NSv1pt2,No,,,,24,female,,,2,0, , , , , 
5169435218,yes,NSv1pt2,Yes,,,USA,38,female,,USA 38 years,1,0, , , , , 
5169435218,yes,NSv1pt2,Yes,,,USA,38,female,,USA 38 years,2,0, , , , , 
5169432978,yes,NSv1pt2,Yes,,,USA,80,male,,"UK (England)  4 years, Okinawa (as a USA protectorate after WW2) 3 years",1,0, , , , , 
5169432978,yes,NSv1pt2,Yes,,,USA,80,male,,"UK (England)  4 years, Okinawa (as a USA protectorate after WW2) 3 years",2,0, , , , , 
5169432429,yes,NSv1pt2,Yes,,,USA,50,female,,,1,0, , , , , 
5169432429,yes,NSv1pt2,Yes,,,USA,50,female,,,2,0, , , , , 
5169432133,yes,NSv1pt2,Yes,,,USA,42,male,,USA 42 years,1,0, , , , , 
5169432133,yes,NSv1pt2,Yes,,,USA,42,male,,USA 42 years,2,0, , , , , 
5169430799,yes,NSv1pt2,Yes,,,US,32,female,,USA 32 years,1,0, , , , , 
5169430799,yes,NSv1pt2,Yes,,,US,32,female,,USA 32 years,2,0, , , , , 
5169430387,yes,NSv1pt2,Yes,,,USA,67,female,,"USA 65 years, UK (England) 2 years",1,0, , , , , 
5169430387,yes,NSv1pt2,Yes,,,USA,67,female,,"USA 65 years, UK (England) 2 years",2,0, , , , , 
5169427819,yes,NSv1pt2,Yes,,,USA,61,female,,USA 61 years,1,0, , , , , 
5169427819,yes,NSv1pt2,Yes,,,USA,61,female,,USA 61 years,2,0, , , , , 
5169426420,yes,NSv1pt2,Yes,,,USA ,65,female,,USA 65 years,1,0, , , , , 
5169426420,yes,NSv1pt2,Yes,,,USA ,65,female,,USA 65 years,2,0, , , , , 
5169425397,yes,NSv1pt2,Yes,,,USA,44,male,,Germany 3 years,1,0, , , , , 
5169425397,yes,NSv1pt2,Yes,,,USA,44,male,,Germany 3 years,2,0, , , , , 
5169423688,yes,NSv1pt2,Yes,,,USA ,40,female,,USA 40 years,1,0, , , , , 
5169423688,yes,NSv1pt2,Yes,,,USA ,40,female,,USA 40 years,2,0, , , , , 
5169419965,yes,NSv1pt2,Yes,,,USA,46,male,,USA 46,1,0, , , , , 
5169419965,yes,NSv1pt2,Yes,,,USA,46,male,,USA 46,2,0, , , , , 
5169417563,yes,NSv1pt2,Yes,,,USA,37,female,,"USA 33 years, Germany (West) 4 years",1,0, , , , , 
5169417563,yes,NSv1pt2,Yes,,,USA,37,female,,"USA 33 years, Germany (West) 4 years",2,0, , , , , 
5169415412,yes,NSv1pt2,Yes,,None,USA,56,female,,USA 56 years,1,0, , , , , 
5169415412,yes,NSv1pt2,Yes,,None,USA,56,female,,USA 56 years,2,0, , , , , 
5169414365,yes,NSv1pt2,Yes,,,USA,35,female,,USA 36 years,1,0, , , , , 
5169414365,yes,NSv1pt2,Yes,,,USA,35,female,,USA 36 years,2,0, , , , , 
5169412663,yes,NSv1pt2,Yes,,German,USA,65,female,,USA 65 years,1,0, , , , , 
5169412663,yes,NSv1pt2,Yes,,German,USA,65,female,,USA 65 years,2,0, , , , , 
5169408302,yes,NSv1pt2,No,Tamil,,India,69,male,8 - 10 years,USA 2 years,1,0, , , , , 
5169408302,yes,NSv1pt2,No,Tamil,,India,69,male,8 - 10 years,USA 2 years,2,0, , , , , 
5169406464,yes,NSv1pt2,Yes,,,USA,54,female,,USA 54 years,1,0, , , , , 
5169406464,yes,NSv1pt2,Yes,,,USA,54,female,,USA 54 years,2,0, , , , , 
5169393846,yes,NSv1pt2,Yes,,,USA,19,female,,,1,0, , , , , 
5169393846,yes,NSv1pt2,Yes,,,USA,19,female,,,2,0, , , , , 
5169393773,yes,NSv1pt2,Yes,,,USA,63,female,,USA 63 years,1,0, , , , , 
5169393773,yes,NSv1pt2,Yes,,,USA,63,female,,USA 63 years,2,0, , , , , 
5169392861,yes,NSv1pt2,Yes,,,USA,32,female,,USA,1,0, , , , , 
5169392861,yes,NSv1pt2,Yes,,,USA,32,female,,USA,2,0, , , , , 
5169390387,yes,NSv1pt2,Yes,,,Peru,55,male,,,1,0, , , , , 
5169390387,yes,NSv1pt2,Yes,,,Peru,55,male,,,2,0, , , , , 
5169385594,yes,NSv1pt2,Yes,,,USA,29,male,,USA 29 years,1,0, , , , , 
5169385594,yes,NSv1pt2,Yes,,,USA,29,male,,USA 29 years,2,0, , , , , 
5169384593,yes,NSv1pt2,Yes,,Zuni ,USA,45,male,,USA ,1,0, , , , , 
5169384593,yes,NSv1pt2,Yes,,Zuni ,USA,45,male,,USA ,2,0, , , , , 
5169380426,yes,NSv1pt2,Yes,,,USA,58,female,,,1,0, , , , , 
5169380426,yes,NSv1pt2,Yes,,,USA,58,female,,,2,0, , , , , 
5169380425,yes,NSv1pt2,Yes,,,USA,51,female,,USA 51 years,1,0, , , , , 
5169380425,yes,NSv1pt2,Yes,,,USA,51,female,,USA 51 years,2,0, , , , , 
5169379038,yes,NSv1pt2,Yes,,,UK (Britain),49,female,,"Great UK (Britain) 20 years, USA 20 years",1,0, , , , , 
5169379038,yes,NSv1pt2,Yes,,,UK (Britain),49,female,,"Great UK (Britain) 20 years, USA 20 years",2,0, , , , , 
5169375761,yes,NSv1pt2,Yes,,,UK (England),54,female,,"UK (England) 32 years, USA 22 years",1,0, , , , , 
5169375761,yes,NSv1pt2,Yes,,,UK (England),54,female,,"UK (England) 32 years, USA 22 years",2,0, , , , , 
5178230315,yes,NSv2pt2,Yes,,,America,63,male,,,1,0, , , , , 
5178230315,yes,NSv2pt2,Yes,,,America,63,male,,,2,0, , , , , 
5178225833,yes,NSv2pt2,Yes,,,USA,61,male,,,1,A woman rents a car,1,0,1,0,1
5178225833,yes,NSv2pt2,Yes,,,USA,61,male,,,2,A man sells a car,1,0,1,0,1
5178225041,yes,NSv2pt2,Yes,,Spanish,USA,27,male,,USA 27 years,1,0, , , , , 
5178225041,yes,NSv2pt2,Yes,,Spanish,USA,27,male,,USA 27 years,2,0, , , , , 
5178219971,yes,NSv2pt2,Yes,,,USA,56,male,,,1,That lady just bought a car.,1,0,1,0,1
5178219971,yes,NSv2pt2,Yes,,,USA,56,male,,,2,The lady is now completely broke!,1,0,1,0,0
5178216850,yes,NSv2pt2,Yes,,,,,,,,1,0, , , , , 
5178216850,yes,NSv2pt2,Yes,,,,,,,,2,0, , , , , 
5178216479,yes,NSv2pt2,Yes,,,USA,37,male,,Japan 1 year,1,0, , , , , 
5178216479,yes,NSv2pt2,Yes,,,USA,37,male,,Japan 1 year,2,0, , , , , 
5178211832,yes,NSv2pt2,Yes,,,USA,47,male,,USA 47 years,1,0, , , , , 
5178211832,yes,NSv2pt2,Yes,,,USA,47,male,,USA 47 years,2,0, , , , , 
5178205669,yes,NSv2pt2,Yes,,,USA,18,male,,USA 15 years,1,0, , , , , 
5178205669,yes,NSv2pt2,Yes,,,USA,18,male,,USA 15 years,2,0, , , , , 
5178202907,yes,NSv2pt2,Yes,,German,USA,36,male,,"Germany 2 years, South Korea 2 years",1,0, , , , , 
5178202907,yes,NSv2pt2,Yes,,German,USA,36,male,,"Germany 2 years, South Korea 2 years",2,0, , , , , 
5178202036,yes,NSv2pt2,Yes,,,USA,18,male,,USA 17 years,1,She bought a car.,1,0,1,0,1
5178202036,yes,NSv2pt2,Yes,,,USA,18,male,,USA 17 years,2,The car was bought by her.,1,0,1,0,1
5178197008,yes,NSv2pt2,Yes,,,USA,20,male,,,1,0, , , , , 
5178197008,yes,NSv2pt2,Yes,,,USA,20,male,,,2,0, , , , , 
5178195859,yes,NSv2pt2,Yes,,,USA,23,male,,USA 23 years,1,The woman buys a car with cash.,1,0,1,0,1
5178195859,yes,NSv2pt2,Yes,,,USA,23,male,,USA 23 years,2,The car salesman gives the woman a deal.,1,0,1,1,0
5178191658,yes,NSv2pt2,Yes,,,USA,31,male,,,1,The woman is buying a car. ,1,1,1,0,1
5178191658,yes,NSv2pt2,Yes,,,USA,31,male,,,2,The man is selling a car. ,1,1,1,0,1
5178183658,yes,NSv2pt2,Yes,,,USA,31,male,,,1,0, , , , , 
5178183658,yes,NSv2pt2,Yes,,,USA,31,male,,,2,0, , , , , 
5178182566,yes,NSv2pt2,Yes,,,USA,44,male,,USA 44 years,1,0, , , , , 
5178182566,yes,NSv2pt2,Yes,,,USA,44,male,,USA 44 years,2,0, , , , , 
5178181180,yes,NSv2pt2,Yes,,,USA,31,male,,USA 31 years,1,A woman is buying a car.,1,1,1,0,1
5178181180,yes,NSv2pt2,Yes,,,USA,31,male,,USA 31 years,2,A salesman is selling a car.,1,1,1,0,1
5178168754,yes,NSv2pt2,Yes,,,USA,44,male,,USA 44 years,1,0, , , , , 
5178168754,yes,NSv2pt2,Yes,,,USA,44,male,,USA 44 years,2,0, , , , , 
5178168691,yes,NSv2pt2,Yes,,,USA,44,male,,USA 44 years,1,0, , , , , 
5178168691,yes,NSv2pt2,Yes,,,USA,44,male,,USA 44 years,2,0, , , , , 
5178166680,yes,NSv2pt2,Yes,,,USA,67,male,,USA 67 years,1,0, , , , , 
5178166680,yes,NSv2pt2,Yes,,,USA,67,male,,USA 67 years,2,0, , , , , 
5178154166,yes,NSv2pt2,Yes,,,,,,,,1,0, , , , , 
5178154166,yes,NSv2pt2,Yes,,,,,,,,2,0, , , , , 
5178152722,yes,NSv2pt2,Yes,,,USA,69,male,,USA 69 years,1,0, , , , , 
5178152722,yes,NSv2pt2,Yes,,,USA,69,male,,USA 69 years,2,0, , , , , 
5178151775,yes,NSv2pt2,No,Spanish,,,,,2 - 3 years,,1,0, , , , , 
5178151775,yes,NSv2pt2,No,Spanish,,,,,2 - 3 years,,2,0, , , , , 
5178148008,yes,NSv2pt2,Yes,,,USA,54,male,,USA 54 years,1,The woman buys a red car from a man.,1,0,1,1,1
5178148008,yes,NSv2pt2,Yes,,,USA,54,male,,USA 54 years,2,"The man is too drunk to drive, so gives his keys to his girlfriend who, in exchange, gives him cab fare, which allows her to stay at the party.",0,0,1,0,0
5178145281,yes,NSv2pt2,Yes,,,USA,63,male,,,1,A woman is purchasing a car from a salesman.,1,1,1,1,1
5178145281,yes,NSv2pt2,Yes,,,USA,63,male,,,2,A man filled a friend's car with gas while borrowing it to attend a meeting and is being reimbursed.,0,1,1,0,0
5178139052,yes,NSv2pt2,Yes,,,USA,46,female,,USA 46 years,1,A woman is buying a car from a man.,1,1,1,1,1
5178139052,yes,NSv2pt2,Yes,,,USA,46,female,,USA 46 years,2,A car is being bought by a woman.,1,1,1,0,1
5178137492,yes,NSv2pt2,Yes,,,USA,25,female,,Ireland 1.5 months,1,The car salesman just sold  a car to the lady.,1,0,1,1,1
5178137492,yes,NSv2pt2,Yes,,,USA,25,female,,Ireland 1.5 months,2,The lady just bought a car.,1,0,1,0,1
5178136854,yes,NSv2pt2,Yes,,,USA,24,female,,USA 24,1,The woman gives money to the man for the car.,1,0,1,1,1
5178136854,yes,NSv2pt2,Yes,,,USA,24,female,,USA 24,2,The man receives money from the woman for exchange for the car.,1,0,1,1,1
5178135397,yes,NSv2pt2,No,,,Canada,54,female,10 years or more,Canada 54 years,1,The woman just bought a brand new car. ,1,1,1,0,1
5178135397,yes,NSv2pt2,No,,,Canada,54,female,10 years or more,Canada 54 years,2,"The car salesman just made another sale,", , , , , 
5178135042,yes,NSv2pt2,Yes,,,USA,19,female,,USA 19 years,1,The woman is buying a car.,1,1,1,0,1
5178135042,yes,NSv2pt2,Yes,,,USA,19,female,,USA 19 years,2,The red car is being sold to a blonde woman.,1,1,1,0,1
5178134904,yes,NSv2pt2,Yes,,,USA ,42,male,,USA 42 years,1,A woman buying a car with cash.,1,1,0,0,1
5178134904,yes,NSv2pt2,Yes,,,USA ,42,male,,USA 42 years,2,A man sells a woman a new car.,1,0,1,1,1
5178134138,yes,NSv2pt2,Yes,,,USA,42,female,,USA  42 years,1,She just bought a new car.,1,0,1,0,1
5178134138,yes,NSv2pt2,Yes,,,USA,42,female,,USA  42 years,2,The salesman is giving her the keys to her new car.,1,1,1,1,1
5178133919,yes,NSv2pt2,Yes,,,USA,26,female,,USA 26 years,1,I just bought a car!,0,0,1,0,0
5178133919,yes,NSv2pt2,Yes,,,USA,26,female,,USA 26 years,2,"The man sold the lady a car, and they are excited! ",1,0,1,1,1
5178133730,yes,NSv2pt2,Yes,,,USA,41,female,,USA 41 years,1,"The woman is a con artists about to put a down payment on a car then abscond with the car, never making a single payment.",0,1,0,0,0
5178133730,yes,NSv2pt2,Yes,,,USA,41,female,,USA 41 years,2,The man is giving the woman keys.,0,1,1,1,1
5178133646,yes,NSv2pt2,Yes,,,USA,77,female,,USA 77 years,1,bought a car,0,0,0,0,0
5178133646,yes,NSv2pt2,Yes,,,USA,77,female,,USA 77 years,2,both happy about this,0,0,0,0,0
5178133357,yes,NSv2pt2,No,,,,,,,,1,0, , , , , 
5178133357,yes,NSv2pt2,No,,,,,,,,2,0, , , , , 
5178132638,yes,NSv2pt2,Yes,,,USA,37,male,,USA 37 years,1,The lady buys a car from the man. ,1,0,1,1,1
5178132638,yes,NSv2pt2,Yes,,,USA,37,male,,USA 37 years,2,The woman is buying a red car.,1,1,1,0,1
5178132595,yes,NSv2pt2,Yes,,,USA,54,male,,USA,1,A woman is selling her car.,0,1,1,0,1
5178132595,yes,NSv2pt2,Yes,,,USA,54,male,,USA,2,A man is buying a car.,0,1,1,0,1
5178129650,yes,NSv2pt2,Yes,,,USA,19,female,,USA 19 years,1,0, , , , , 
5178129650,yes,NSv2pt2,Yes,,,USA,19,female,,USA 19 years,2,0, , , , , 
5178129205,yes,NSv2pt2,Yes,,none,,,,,,1,0, , , , , 
5178129205,yes,NSv2pt2,Yes,,none,,,,,,2,0, , , , , 
5178126588,yes,NSv2pt2,Yes,,,USA,23,female,,USA 23 years,1,The woman is buying a car.,1,1,1,0,1
5178126588,yes,NSv2pt2,Yes,,,USA,23,female,,USA 23 years,2,The salesman is selling a car.,1,1,1,0,1
5178125695,yes,NSv2pt2,Yes,,,USA,40,male,,None,1,A woman is buying a car.,1,1,1,0,1
5178125695,yes,NSv2pt2,Yes,,,USA,40,male,,None,2,A salesman is selling a woman a car.,1,1,1,1,1
5178125365,yes,NSv2pt2,Yes,,Spanish,USA,33,male,,USA 33 years,1,woman paying for car,1,1,0,0,1
5178125365,yes,NSv2pt2,Yes,,Spanish,USA,33,male,,USA 33 years,2,man giving keyes to car,0,1,0,0,1
5178124780,yes,NSv2pt2,Yes,,,USA,25,female,,USA 25 years,1,0, , , , , 
5178124780,yes,NSv2pt2,Yes,,,USA,25,female,,USA 25 years,2,0, , , , , 
5178123609,yes,NSv2pt2,Yes,,,USA,34,female,,USA 34 years,1,The woman is buying a car.,1,1,1,0,1
5178123609,yes,NSv2pt2,Yes,,,USA,34,female,,USA 34 years,2,The salesman is giving the woman her new car keys.,1,1,1,1,1
5178123464,yes,NSv2pt2,Yes,,,USA,29,female,,USA 29 years ,1,0, , , , , 
5178123464,yes,NSv2pt2,Yes,,,USA,29,female,,USA 29 years ,2,0, , , , , 
5178123421,yes,NSv2pt2,Yes,,,,46,male,,,1,Hey Woman  buying a car,1,1,0,0,1
5178123421,yes,NSv2pt2,Yes,,,,46,male,,,2,Hey salesman selling a woman a car,1,1,0,1,1
5178120798,yes,NSv2pt2,Yes,,French,USA,19,male,,USA 19 years,1,A woman buys a car,1,0,1,0,1
5178120798,yes,NSv2pt2,Yes,,French,USA,19,male,,USA 19 years,2,A car is victim to a lucrative trafficking ring,0,0,1,0,0
5178120118,yes,NSv2pt2,Yes,,,USA,36,male,,,1,0, , , , , 
5178120118,yes,NSv2pt2,Yes,,,USA,36,male,,,2,0, , , , , 
5178117070,yes,NSv2pt2,Yes,,,USA,21,female,,,1,0, , , , , 
5178117070,yes,NSv2pt2,Yes,,,USA,21,female,,,2,0, , , , , 
5178114624,yes,NSv2pt2,Yes,,,USA ,46,female,,,1,She's buying a car. ,1,1,1,0,1
5178114624,yes,NSv2pt2,Yes,,,USA ,46,female,,,2,Salesman is handing over the keys to a new car. ,1,1,1,0,1
5178114460,yes,NSv2pt2,Yes,,Spanish,USA,35,female,,USA 35 years,1,A woman is purchasing a car. ,1,1,1,0,1
5178114460,yes,NSv2pt2,Yes,,Spanish,USA,35,female,,USA 35 years,2,A man is providing the keys for a newly purchased automobile. ,1,1,1,0,1
5178108329,yes,NSv2pt2,Yes,,,USA,69,female,,None,1,A woman is giving money to a salesman who is handing her a set of keys.,0,1,1,1,1
5178108329,yes,NSv2pt2,Yes,,,USA,69,female,,None,2,A sales representative is selling a red car to a woman.,1,1,1,1,1
5178106425,yes,NSv2pt2,Yes,,,USA,45,female,,USA 45 years,1,A woman is buying a car.,1,1,1,0,1
5178106425,yes,NSv2pt2,Yes,,,USA,45,female,,USA 45 years,2,A man is selling a car.,1,1,1,0,1
5178105633,yes,NSv2pt2,Yes,,Italian,USA,49,male,,USA 47 years,1,She is buying a car,1,1,1,0,1
5178105633,yes,NSv2pt2,Yes,,Italian,USA,49,male,,USA 47 years,2,The man is selling a car,1,1,1,0,1
5178103951,yes,NSv2pt2,Yes,,,USA,49,male,,"USA 45, UK (England) 4",1,Women buying a car from a man,1,1,0,1,0
5178103951,yes,NSv2pt2,Yes,,,USA,49,male,,"USA 45, UK (England) 4",2,Men selling car to a women,1,1,0,0,0
5178101495,yes,NSv2pt2,Yes,,german,USA,33,female,,"USA 32 years, scottland 1 year",1,A woman buys a car.,1,0,1,0,1
5178101495,yes,NSv2pt2,Yes,,german,USA,33,female,,"USA 32 years, scottland 1 year",2,The salesman makes a sale.,0,0,1,0,1
5178100310,yes,NSv2pt2,Yes,,,USA,55,female,,,1,A woman is giving money to the man and he is giving her the keys to a car.,1,1,1,1,1
5178100310,yes,NSv2pt2,Yes,,,USA,55,female,,,2,The man is receiving money for a car and in return is giving the woman the keys.,1,1,1,1,1
5178100040,yes,NSv2pt2,Yes,,,USA,44,female,,USA,1,The woman is paying money to drive the red car.,1,1,1,0,1
5178100040,yes,NSv2pt2,Yes,,,USA,44,female,,USA,2,The lady has just bought a new car.,1,0,1,0,1
5178099846,yes,NSv2pt2,Yes,,,USA,63,female,,USA 63 years,1,A woman is buying a car.,1,1,1,0,1
5178099846,yes,NSv2pt2,Yes,,,USA,63,female,,USA 63 years,2,A car is being purchased.,0,1,1,0,1
5178099182,yes,NSv2pt2,Yes,,French,Haiti,49,female,,USA,1,0, , , , , 
5178099182,yes,NSv2pt2,Yes,,French,Haiti,49,female,,USA,2,0, , , , , 
5178098888,yes,NSv2pt2,Yes,,,USA,24,female,,,1,The woman is purchasing a car,1,1,1,0,1
5178098888,yes,NSv2pt2,Yes,,,USA,24,female,,,2,The salesman is handing her the keys to the car,0,1,1,1,1
5178095802,yes,NSv2pt2,Yes,,,USA,19,female,,USA 19 years,1,The girl bought a car. ,1,0,1,0,1
5178095802,yes,NSv2pt2,Yes,,,USA,19,female,,USA 19 years,2,The man sold a car. ,1,0,1,0,1
5178090288,yes,NSv2pt2,Yes,,,America,69,female,,USA 69 years,1,A woman just bought a new car!,1,0,1,0,1
5178090288,yes,NSv2pt2,Yes,,,America,69,female,,USA 69 years,2,The dealer is handing the keys to the new owner.,0,1,1,1,1
5178088418,yes,NSv2pt2,Yes,,,,32,female,,,1,0, , , , , 
5178088418,yes,NSv2pt2,Yes,,,,32,female,,,2,0, , , , , 
5178088087,yes,NSv2pt2,No,"Arabic, French",,Egypt,21,female,8 - 10 years,None,1,A man is selling a car,1,1,1,0,1
5178088087,yes,NSv2pt2,No,"Arabic, French",,Egypt,21,female,8 - 10 years,None,2,A woman Is buying a car,1,1,1,0,1
5178085609,yes,NSv2pt2,Yes,,,USA,26,female,,USA 26 years,1,The woman bought a car from the man,1,0,1,1,1
5178085609,yes,NSv2pt2,Yes,,,USA,26,female,,USA 26 years,2,The woman bought a red car from the car sale's man,1,0,0,1,1
5178083842,yes,NSv2pt2,Yes,,Afrikaans,South Africa,54,female,,"South Africa 37 years, USA 17 years",1,The business woman is purchasing a red car.,1,1,1,0,1
5178083842,yes,NSv2pt2,Yes,,Afrikaans,South Africa,54,female,,"South Africa 37 years, USA 17 years",2,The salesman has successfully sold a car to a business woman.,1,0,1,1,1
5178081586,yes,NSv2pt2,Yes,,,USA,62,male,,USA 62 years,1,Extended warranty?,0,0,0,0,0
5178081586,yes,NSv2pt2,Yes,,,USA,62,male,,USA 62 years,2,Good luck with this lemon!,0,0,1,0,0
5178078402,yes,NSv2pt2,Yes,,,USA,35,female,,,1,She has purchased a new car.,1,0,1,0,1
5178078402,yes,NSv2pt2,Yes,,,USA,35,female,,,2,The new car the woman has purchased is red.,1,0,1,0,1
5178077635,yes,NSv2pt2,Yes,,,USA,58,male,,USA,1,THE SALESMAN JUST SOLD THE CAR.,1,0,1,0,1
5178077635,yes,NSv2pt2,Yes,,,USA,58,male,,USA,2,SHE JUST BOUGHT THE CAR.,1,0,1,0,1
5178075015,yes,NSv2pt2,Yes,,,USA,46,female,,USA 46 years  ,1,This woman is buying a red car.,1,1,1,0,1
5178075015,yes,NSv2pt2,Yes,,,USA,46,female,,USA 46 years  ,2,The man hands over keys to the new car owner.,0,0,1,1,1
5178073530,yes,NSv2pt2,Yes,,,India,37,male,,India 25 years,1,A man borrowed money from a woman,0,0,1,1,0
5178073530,yes,NSv2pt2,Yes,,,India,37,male,,India 25 years,2,A woman owed money to a man.,0,0,1,0,1
5178073123,yes,NSv2pt2,Yes,,,USA,71,female,,,1,The woman is receiving the keys to her new car.,1,1,1,0,1
5178073123,yes,NSv2pt2,Yes,,,USA,71,female,,,2,The car salesman is giving the woman the keys to her new car.,1,1,1,1,1
5178072626,yes,NSv2pt2,Yes,,,USA,47,male,,USA 47 years,1,car,0,0,0,0,0
5178072626,yes,NSv2pt2,Yes,,,USA,47,male,,USA 47 years,2,car purchase,0,0,0,0,0
5178072327,yes,NSv2pt2,Yes,,,USA,45,female,,USA 45 years,1,0, , , , , 
5178072327,yes,NSv2pt2,Yes,,,USA,45,female,,USA 45 years,2,0, , , , , 
5178071573,yes,NSv2pt2,No,,,,,,1 year or less,,1,0, , , , , 
5178071573,yes,NSv2pt2,No,,,,,,1 year or less,,2,0, , , , , 
5178070980,yes,NSv2pt2,Yes,,,USA,41,male,,USA 41 years,1,The woman is buying a car.,1,1,1,0,1
5178070980,yes,NSv2pt2,Yes,,,USA,41,male,,USA 41 years,2,The woman is paying cash to purchase a car.,1,1,1,1,1
5178070751,yes,NSv2pt2,Yes,,,USA,28,female,,USA 28 years,1,0, , , , , 
5178070751,yes,NSv2pt2,Yes,,,USA,28,female,,USA 28 years,2,0, , , , , 
5178067564,yes,NSv2pt2,Yes,,Spanish ,USA ,27,female,,USA ,1,0, , , , , 
5178067564,yes,NSv2pt2,Yes,,Spanish ,USA ,27,female,,USA ,2,0, , , , , 
5178064635,yes,NSv2pt2,Yes,,,USA,31,female,,USA 31 years,1,A woman is buying a car from a salesman,1,1,1,1,1
5178064635,yes,NSv2pt2,Yes,,,USA,31,female,,USA 31 years,2,A salesman is handing keys to a woman who just bought a car,1,1,1,1,1
5178061369,yes,NSv2pt2,Yes,,,USA ,23,male,,,1,Woman buying a car,1,1,0,0,1
5178061369,yes,NSv2pt2,Yes,,,USA ,23,male,,,2,Man selling a car,1,1,0,0,1
5178059631,yes,NSv2pt2,Yes,,Spanish,USA,22,female,,USA 22 years,1,This woman is paying for a new car.,1,1,1,0,1
5178059631,yes,NSv2pt2,Yes,,Spanish,USA,22,female,,USA 22 years,2,This woman just bought herself a new car.,1,0,1,0,1
5178059236,yes,NSv2pt2,Yes,,,USA  ,54,female,,USA 54 years,1,The woman has just purchased the red car.,1,0,1,0,1
5178059236,yes,NSv2pt2,Yes,,,USA  ,54,female,,USA 54 years,2,The car salesman has just completed the sale of the red car to the woman in the blue suit.,1,0,1,1,1
5178058638,yes,NSv2pt2,Yes,,,USA,40,female,,USA 40 years,1,The sales woman is handing the new car owner  some cash back. ,0,1,1,1,0
5178058638,yes,NSv2pt2,Yes,,,USA,40,female,,USA 40 years,2,The sales man is handing the women her new car keys. ,1,1,1,0,1
5178057388,yes,NSv2pt2,Yes,,,USA,31,female,,USA 31 years,1,A man is selling a car to a lady.,1,1,1,1,1
5178057388,yes,NSv2pt2,Yes,,,USA,31,female,,USA 31 years,2,A lady is buying a car.,1,1,1,0,1
5178056447,yes,NSv2pt2,Yes,,Spanish,USA,27,female,,USA,1,A women buying a car,1,1,0,0,0
5178056447,yes,NSv2pt2,Yes,,Spanish,USA,27,female,,USA,2,A women buying a new car and exchange cash for the keys ,1,1,0,1,0
5178056096,yes,NSv2pt2,Yes,,,USA,43,female,,USA 43 years,1,A man sold a car to a woman. ,1,0,1,1,1
5178056096,yes,NSv2pt2,Yes,,,USA,43,female,,USA 43 years,2,A woman bought a car from a man. ,1,0,1,1,1
5178055754,yes,NSv2pt2,Yes,,,USA,43,female,,USA 43 years,1,A woman bought a new car.,1,1,1,0,1
5178055754,yes,NSv2pt2,Yes,,,USA,43,female,,USA 43 years,2,The salesman is handing the woman her new car keys.,1,1,1,1,1
5178052334,yes,NSv2pt2,Yes,,,USA,34,female,,USA 34 years,1,A woman is buying a car. ,1,1,1,0,1
5178052334,yes,NSv2pt2,Yes,,,USA,34,female,,USA 34 years,2,A man is being paid for a car. ,1,1,1,0,1
5178049586,yes,NSv2pt2,Yes,,,USA,56,female,,USA 56 years,1,0, , , , , 
5178049586,yes,NSv2pt2,Yes,,,USA,56,female,,USA 56 years,2,0, , , , , 
5178044178,yes,NSv2pt2,Yes,,,USA,39,female,,USA 39 years,1,woman is buying a car,1,1,0,0,1
5178044178,yes,NSv2pt2,Yes,,,USA,39,female,,USA 39 years,2,man is selling a car,1,1,0,0,1
5178043722,yes,NSv2pt2,Yes,,,USA,61,male,,USA,1,The lady is  buying a brand new car,1,1,1,0,1
5178043722,yes,NSv2pt2,Yes,,,USA,61,male,,USA,2,The lady is buying a new red car,1,1,1,0,1
5178042913,yes,NSv2pt2,Yes,,,USA,31,female,,none,1,0, , , , , 
5178042913,yes,NSv2pt2,Yes,,,USA,31,female,,none,2,0, , , , , 
5178037772,yes,NSv2pt2,Yes,,,USA,32,male,,USA 32 years,1,A woman is about to trade a piece of green paper with a dollar sign on it for a key chain with a miniature car. ,0,1,1,0,1
5178037772,yes,NSv2pt2,Yes,,,USA,32,male,,USA 32 years,2,"A woman tries to offer a piece of fake money to prevent a man from sexually harassing her by dropping his keys and watching her pick them up, symbolizing that the language of money is the only thing valued by the entrenched misogyny of modern life. ",0,0,1,0,0
5178032986,yes,NSv2pt2,Yes,,,USA,25,male,,USA 25 years,1,0, , , , , 
5178032986,yes,NSv2pt2,Yes,,,USA,25,male,,USA 25 years,2,0, , , , , 
5178032558,yes,NSv2pt2,Yes,,,USA,53,female,,USA 53 years,1,The woman is buying a car from a salesman ,1,1,1,1,1
5178032558,yes,NSv2pt2,Yes,,,USA,53,female,,USA 53 years,2,A salesman is receiving money from a woman buying a car,1,1,1,1,1
5178032505,yes,NSv2pt2,Yes,,,USA,44,female,,,1,0, , , , , 
5178032505,yes,NSv2pt2,Yes,,,USA,44,female,,,2,0, , , , , 
5178031876,yes,NSv2pt2,No,,,Mexico,18,female,10 years or more,USA,1,0, , , , , 
5178031876,yes,NSv2pt2,No,,,Mexico,18,female,10 years or more,USA,2,0, , , , , 
5178030433,yes,NSv2pt2,Yes,,,USA,66,female,,USA 66 years,1,She just bought a new car. Hurrah for her.,1,0,1,0,1
5178030433,yes,NSv2pt2,Yes,,,USA,66,female,,USA 66 years,2,He just sold the lady a new red lemon.  Hurrah for him.,0,0,1,1,0
5122324005,no,NNSv1,No,Chinese,,China,18,female,4 - 5 years,USA 6 months,1,0, , , , , 
5122324005,no,NNSv1,No,Chinese,,China,18,female,4 - 5 years,USA 6 months,2,0, , , , , 
5122319759,no,NNSv1,No,Chinese,,China,18,female,8 - 10 years,USA 1 year,1,0, , , , , 
5122319759,no,NNSv1,No,Chinese,,China,18,female,8 - 10 years,USA 1 year,2,0, , , , , 
5122318344,no,NNSv1,No,Chinese,,China,18,female,6 - 8 years,None,1,0, , , , , 
5122318344,no,NNSv1,No,Chinese,,China,18,female,6 - 8 years,None,2,0, , , , , 
5122254650,no,NNSv1,No,German,,Germany,19,female,8 - 10 years,,1,0, , , , , 
5122254650,no,NNSv1,No,German,,Germany,19,female,8 - 10 years,,2,0, , , , , 
5122220519,no,NNSv1,No,Spanish,,Mexico,20,male,10 years or more (or native speaker),USA 3 years,1,0, , , , , 
5122220519,no,NNSv1,No,Spanish,,Mexico,20,male,10 years or more (or native speaker),USA 3 years,2,0, , , , , 
5122213899,no,NNSv1,No,Chinese,,China,18,female,5 - 6 years,,1,0, , , , , 
5122213899,no,NNSv1,No,Chinese,,China,18,female,5 - 6 years,,2,0, , , , , 
5122213789,no,NNSv1,No,Chinese,,China,19,,10 years or more (or native speaker),USA 4 years,1,0, , , , , 
5122213789,no,NNSv1,No,Chinese,,China,19,,10 years or more (or native speaker),USA 4 years,2,0, , , , , 
5122208454,no,NNSv1,No,Chinese,,China,18,female,6 - 8 years,,1,0, , , , , 
5122208454,no,NNSv1,No,Chinese,,China,18,female,6 - 8 years,,2,0, , , , , 
5122151555,no,NNSv1,No,Chinese,,China,20,,4 - 5 years,USA 4 years,1,0, , , , , 
5122151555,no,NNSv1,No,Chinese,,China,20,,4 - 5 years,USA 4 years,2,0, , , , , 
5122035535,no,NNSv1,No,Chinese,,China,18,male,6 - 8 years,None,1,0, , , , , 
5122035535,no,NNSv1,No,Chinese,,China,18,male,6 - 8 years,None,2,0, , , , , 
5121276566,no,NNSv1,No,Chinese,,China,18,male,1 - 2 years,USA 6 months,1,0, , , , , 
5121276566,no,NNSv1,No,Chinese,,China,18,male,1 - 2 years,USA 6 months,2,0, , , , , 
5121271633,no,NNSv1,No,Chinese (Mandarin),,China,21,male,3 - 4 years,USA 2 years,1,0, , , , , 
5121271633,no,NNSv1,No,Chinese (Mandarin),,China,21,male,3 - 4 years,USA 2 years,2,0, , , , , 
5121263656,no,NNSv1,No,Chinese,,China,18,male,6 - 8 years,USA 6 months,1,0, , , , , 
5121263656,no,NNSv1,No,Chinese,,China,18,male,6 - 8 years,USA 6 months,2,0, , , , , 
5121257002,no,NNSv1,No,Chinese,,China,18,female,4 - 5 years,USA  6 months,1,0, , , , , 
5121257002,no,NNSv1,No,Chinese,,China,18,female,4 - 5 years,USA  6 months,2,0, , , , , 
5121255777,no,NNSv1,No,Chinese,,China (ShanDingDong People),19,female,8 - 10 years,USA 3 months,1,0, , , , , 
5121255777,no,NNSv1,No,Chinese,,China (ShanDingDong People),19,female,8 - 10 years,USA 3 months,2,0, , , , , 
5121200462,no,NNSv1,No,Chinese,,China,19,male,4 - 5 years,USA 4 years,1,0, , , , , 
5121200462,no,NNSv1,No,Chinese,,China,19,male,4 - 5 years,USA 4 years,2,0, , , , , 
5121197690,no,NNSv1,No,Chinese,,China,20,female,8 - 10 years,USA 3 months,1,0, , , , , 
5121197690,no,NNSv1,No,Chinese,,China,20,female,8 - 10 years,USA 3 months,2,0, , , , , 
5121196985,no,NNSv1,No,Chinese,,China,20,male,10 years or more (or native speaker),USA 4 months,1,0, , , , , 
5121196985,no,NNSv1,No,Chinese,,China,20,male,10 years or more (or native speaker),USA 4 months,2,0, , , , , 
5121066253,no,NNSv1,No,Chinese,,China,18,female,8 - 10 years,,1,0, , , , , 
5121066253,no,NNSv1,No,Chinese,,China,18,female,8 - 10 years,,2,0, , , , , 
5121065562,no,NNSv1,No,Chinese,,China,18,female,10 years or more (or native speaker),USA 4 years,1,0, , , , , 
5121065562,no,NNSv1,No,Chinese,,China,18,female,10 years or more (or native speaker),USA 4 years,2,0, , , , , 
5121064405,no,NNSv1,No,Chinese,,China,19,female,3 - 4 years,USA 1 year,1,0, , , , , 
5121064405,no,NNSv1,No,Chinese,,China,19,female,3 - 4 years,USA 1 year,2,0, , , , , 
5121055649,no,NNSv1,No,Chinese,,China,18,female,5 - 6 years,USA 6 months,1,0, , , , , 
5121055649,no,NNSv1,No,Chinese,,China,18,female,5 - 6 years,USA 6 months,2,0, , , , , 
5121054862,no,NNSv1,No,Chinese,,,18,female,6 - 8 years,USA 4 months,1,0, , , , , 
5121054862,no,NNSv1,No,Chinese,,,18,female,6 - 8 years,USA 4 months,2,0, , , , , 
5121054605,no,NNSv1,No,Chinese,,China,18,female,8 - 10 years,,1,0, , , , , 
5121054605,no,NNSv1,No,Chinese,,China,18,female,8 - 10 years,,2,0, , , , , 
5121052927,no,NNSv1,No,Chinese,,China,18,female,8 - 10 years,USA 1 year,1,0, , , , , 
5121052927,no,NNSv1,No,Chinese,,China,18,female,8 - 10 years,USA 1 year,2,0, , , , , 
5121044577,no,NNSv1,No,Chinese,,China,18,male,5 - 6 years,USA 4 months,1,0, , , , , 
5121044577,no,NNSv1,No,Chinese,,China,18,male,5 - 6 years,USA 4 months,2,0, , , , , 
5120971408,no,NNSv1,No,Chinese,,China,18,female,6 - 8 years,,1,0, , , , , 
5120971408,no,NNSv1,No,Chinese,,China,18,female,6 - 8 years,,2,0, , , , , 
5120950285,no,NNSv1,No,Korean,,Korea,18,,5 - 6 years,None,1,0, , , , , 
5120950285,no,NNSv1,No,Korean,,Korea,18,,5 - 6 years,None,2,0, , , , , 
5120948811,no,NNSv1,No,Chinese,,China,19,female,8 - 10 years,USA 4 years,1,0, , , , , 
5120948811,no,NNSv1,No,Chinese,,China,19,female,8 - 10 years,USA 4 years,2,0, , , , , 
5120904932,no,NNSv1,No,Chinese,,China,19,female,8 - 10 years,USA 5 years,1,0, , , , , 
5120904932,no,NNSv1,No,Chinese,,China,19,female,8 - 10 years,USA 5 years,2,0, , , , , 
5120884078,no,NNSv1,No,Chinese,,China  ,19,female,1 - 2 years,,1,0, , , , , 
5120884078,no,NNSv1,No,Chinese,,China  ,19,female,1 - 2 years,,2,0, , , , , 
5120792159,no,NNSv1,No,Chinese,,China,19,female,8 - 10 years,USA 2 years,1,0, , , , , 
5120792159,no,NNSv1,No,Chinese,,China,19,female,8 - 10 years,USA 2 years,2,0, , , , , 
5120710511,no,NNSv1,No,Chinese,,China,18,male,8 - 10 years,,1,0, , , , , 
5120710511,no,NNSv1,No,Chinese,,China,18,male,8 - 10 years,,2,0, , , , , 
5120676632,no,NNSv1,No,Chinese,,China,18,female,8 - 10 years,,1,0, , , , , 
5120676632,no,NNSv1,No,Chinese,,China,18,female,8 - 10 years,,2,0, , , , , 
5120621394,no,NNSv1,No,HINDI,,India,19,female,10 years or more (or native speaker),USA 4 months,1,0, , , , , 
5120621394,no,NNSv1,No,HINDI,,India,19,female,10 years or more (or native speaker),USA 4 months,2,0, , , , , 
5120599398,no,NNSv1,No,Chinese,,China,19,male,4 - 5 years,,1,0, , , , , 
5120599398,no,NNSv1,No,Chinese,,China,19,male,4 - 5 years,,2,0, , , , , 
5120588584,no,NNSv1,No,Chinese,,China,17,female,10 years or more (or native speaker),USA 2 years,1,0, , , , , 
5120588584,no,NNSv1,No,Chinese,,China,17,female,10 years or more (or native speaker),USA 2 years,2,0, , , , , 
5120555749,no,NNSv1,No,Chinese,,China,18,female,8 - 10 years,USA 4 years,1,0, , , , , 
5120555749,no,NNSv1,No,Chinese,,China,18,female,8 - 10 years,USA 4 years,2,0, , , , , 
5120524514,no,NNSv1,No,Chinese,,China,19,male,3 - 4 years,USA 3.5 years,1,0, , , , , 
5120524514,no,NNSv1,No,Chinese,,China,19,male,3 - 4 years,USA 3.5 years,2,0, , , , , 
5120517311,no,NNSv1,No,Chinese,,China,18,male,10 years or more (or native speaker),"Australia 1 month, USA 4 months",1,0, , , , , 
5120517311,no,NNSv1,No,Chinese,,China,18,male,10 years or more (or native speaker),"Australia 1 month, USA 4 months",2,0, , , , , 
5120495997,no,NNSv1,No,Chinese,,China,18,female,8 - 10 years,none,1,0, , , , , 
5120495997,no,NNSv1,No,Chinese,,China,18,female,8 - 10 years,none,2,0, , , , , 
5118982249,no,NNSv1,No,Chinese,,China,18,female,8 - 10 years,,1,0, , , , , 
5118982249,no,NNSv1,No,Chinese,,China,18,female,8 - 10 years,,2,0, , , , , 
5118956587,no,NNSv1,No,Gujarati,,India,18,male,10 years or more (or native speaker),Taiwan,1,0, , , , , 
5118956587,no,NNSv1,No,Gujarati,,India,18,male,10 years or more (or native speaker),Taiwan,2,0, , , , , 
5118893738,no,NNSv1,No,Chinese,,Taiwan,20,female,8 - 10 years,none,1,0, , , , , 
5118893738,no,NNSv1,No,Chinese,,Taiwan,20,female,8 - 10 years,none,2,0, , , , , 
5118860127,no,NNSv1,No,Chinese,,China,18,male,4 - 5 years,,1,0, , , , , 
5118860127,no,NNSv1,No,Chinese,,China,18,male,4 - 5 years,,2,0, , , , , 
5118851978,no,NNSv1,No,Chinese,,China,18,female,8 - 10 years,none,1,0, , , , , 
5118851978,no,NNSv1,No,Chinese,,China,18,female,8 - 10 years,none,2,0, , , , , 
5118794365,no,NNSv1,No,Chinese,,China,19,,4 - 5 years,USA 4 years,1,0, , , , , 
5118794365,no,NNSv1,No,Chinese,,China,19,,4 - 5 years,USA 4 years,2,0, , , , , 
5118793514,no,NNSv1,No,Chinese,,China,18,female,5 - 6 years,USA 3 months,1,0, , , , , 
5118793514,no,NNSv1,No,Chinese,,China,18,female,5 - 6 years,USA 3 months,2,0, , , , , 
5118733755,no,NNSv1,No,Chinese,,China,18,female,5 - 6 years,None,1,0, , , , , 
5118733755,no,NNSv1,No,Chinese,,China,18,female,5 - 6 years,None,2,0, , , , , 
5118717261,no,NNSv1,No,Chinese ,,China ,18,male,3 - 4 years,USA 3 years ,1,0, , , , , 
5118717261,no,NNSv1,No,Chinese ,,China ,18,male,3 - 4 years,USA 3 years ,2,0, , , , , 
5118717036,no,NNSv1,No,Chinese,,China,17,female,5 - 6 years,,1,0, , , , , 
5118717036,no,NNSv1,No,Chinese,,China,17,female,5 - 6 years,,2,0, , , , , 
5118697126,no,NNSv1,No,Chinese,,China,19,male,5 - 6 years,USA 4 years,1,0, , , , , 
5118697126,no,NNSv1,No,Chinese,,China,19,male,5 - 6 years,USA 4 years,2,0, , , , , 
5118647597,no,NNSv1,No,Chinese,,China,18,female,5 - 6 years,No,1,0, , , , , 
5118647597,no,NNSv1,No,Chinese,,China,18,female,5 - 6 years,No,2,0, , , , , 
5118627630,no,NNSv1,No,Chinese,,China,19,male,5 - 6 years,USA 4 years,1,0, , , , , 
5118627630,no,NNSv1,No,Chinese,,China,19,male,5 - 6 years,USA 4 years,2,0, , , , , 
5117283530,no,NNSv1,No,Chinese,,China,19,female,10 years or more (or native speaker),,1,0, , , , , 
5117283530,no,NNSv1,No,Chinese,,China,19,female,10 years or more (or native speaker),,2,0, , , , , 
5117256553,no,NNSv1,No,Chinese,,China,18,female,6 - 8 years,None,1,0, , , , , 
5117256553,no,NNSv1,No,Chinese,,China,18,female,6 - 8 years,None,2,0, , , , , 
5117224195,no,NNSv1,No,Chineses,,China,17,female,8 - 10 years,USA 4 months,1,0, , , , , 
5117224195,no,NNSv1,No,Chineses,,China,17,female,8 - 10 years,USA 4 months,2,0, , , , , 
5117186096,no,NNSv1,No,Chinese,,China,19,female,10 years or more (or native speaker),,1,0, , , , , 
5117186096,no,NNSv1,No,Chinese,,China,19,female,10 years or more (or native speaker),,2,0, , , , , 
5117157283,no,NNSv1,No,Chinese,,China,18,female,10 years or more (or native speaker),USA 3 months,1,0, , , , , 
5117157283,no,NNSv1,No,Chinese,,China,18,female,10 years or more (or native speaker),USA 3 months,2,0, , , , , 
5117079942,no,NNSv1,No,Chinese,,China,18,male,8 - 10 years,USA 4 years,1,0, , , , , 
5117079942,no,NNSv1,No,Chinese,,China,18,male,8 - 10 years,USA 4 years,2,0, , , , , 
5117050687,no,NNSv1,No,"Chinese, English",,China,18,female,8 - 10 years,"UK 6 months, USA 2 years",1,0, , , , , 
5117050687,no,NNSv1,No,"Chinese, English",,China,18,female,8 - 10 years,"UK 6 months, USA 2 years",2,0, , , , , 
5117049523,no,NNSv1,No,Chinese,,China,17,female,4 - 5 years,,1,0, , , , , 
5117049523,no,NNSv1,No,Chinese,,China,17,female,4 - 5 years,,2,0, , , , , 
5117049359,no,NNSv1,No,Chinese,,China,18,female,8 - 10 years,USA 4 months,1,0, , , , , 
5117049359,no,NNSv1,No,Chinese,,China,18,female,8 - 10 years,USA 4 months,2,0, , , , , 
5117046245,no,NNSv1,No,Chinese,,Beijing,18,female,4 - 5 years,,1,0, , , , , 
5117046245,no,NNSv1,No,Chinese,,Beijing,18,female,4 - 5 years,,2,0, , , , , 
5117046222,no,NNSv1,No,Chinese,,China,18,female,3 - 4 years,,1,0, , , , , 
5117046222,no,NNSv1,No,Chinese,,China,18,female,3 - 4 years,,2,0, , , , , 
5116920410,no,NNSv1,No,"Korean, English",,South Korea,19,male,5 - 6 years,"USA 2 years, Singapore 2.5 years",1,0, , , , , 
5116920410,no,NNSv1,No,"Korean, English",,South Korea,19,male,5 - 6 years,"USA 2 years, Singapore 2.5 years",2,0, , , , , 
5116852624,no,NNSv1,No,Chinese,,China,19,male,3 - 4 years,USA 1 year,1,0, , , , , 
5116852624,no,NNSv1,No,Chinese,,China,19,male,3 - 4 years,USA 1 year,2,0, , , , , 
5116818520,no,NNSv1,No,Thai,,Thailand,18,male,4 - 5 years,,1,0, , , , , 
5116818520,no,NNSv1,No,Thai,,Thailand,18,male,4 - 5 years,,2,0, , , , , 
5116684093,no,NNSv1,No,Chinese,,Chinese,18,female,4 - 5 years,USA 1year,1,0, , , , , 
5116684093,no,NNSv1,No,Chinese,,Chinese,18,female,4 - 5 years,USA 1year,2,0, , , , , 
5116684016,no,NNSv1,No,Chinese,,China,19,female,5 - 6 years,USA 3 years,1,0, , , , , 
5116684016,no,NNSv1,No,Chinese,,China,19,female,5 - 6 years,USA 3 years,2,0, , , , , 
5116683677,no,NNSv1,No,Chinese,,China,18,female,10 years or more (or native speaker),,1,0, , , , , 
5116683677,no,NNSv1,No,Chinese,,China,18,female,10 years or more (or native speaker),,2,0, , , , , 
5122403472,no,NNSv2,No,Korean,,South Korea,20,,5 - 6 years,None,1,The woman is purchasing a car,1,1,1,0,1
5122403472,no,NNSv2,No,Korean,,South Korea,20,,5 - 6 years,None,2,0, , , , , 
5122339137,no,NNSv2,No,Chinese,,China,19,female,8 - 10 years,,1,The lady and the gentleman is interact something to each other. ,0,1,0,0,1
5122339137,no,NNSv2,No,Chinese,,China,19,female,8 - 10 years,,2,0, , , , , 
5122267390,no,NNSv2,No,Chinese,,China,17,male,5 - 6 years,USA 3 years,1,The woman is buying a car with cash.,1,1,1,0,1
5122267390,no,NNSv2,No,Chinese,,China,17,male,5 - 6 years,USA 3 years,2,0, , , , , 
5122264918,no,NNSv2,No,"English, Hindi, Gujarati",,India,18,female,10 years or more (or native speaker),USA 5 months,1,The man is selling his car.,1,1,1,0,1
5122264918,no,NNSv2,No,"English, Hindi, Gujarati",,India,18,female,10 years or more (or native speaker),USA 5 months,2,0, , , , , 
5122238755,no,NNSv2,No,Chinese,,China,21,female,10 years or more (or native speaker),USA 2 years,1,The woman is buying a car from the man. ,1,1,1,1,1
5122238755,no,NNSv2,No,Chinese,,China,21,female,10 years or more (or native speaker),USA 2 years,2,0, , , , , 
5122196677,no,NNSv2,No,Korean,,South Korea,19,,8 - 10 years,,1,The woman is paying cash to rent a car. ,1,1,1,1,1
5122196677,no,NNSv2,No,Korean,,South Korea,19,,8 - 10 years,,2,0, , , , , 
5122154004,no,NNSv2,No,Chinese,,China,19,female,8 - 10 years,"Singapore 6 months, USA 3 years",1,The woman is purchasing a car from car dealer.,1,1,0,1,1
5122154004,no,NNSv2,No,Chinese,,China,19,female,8 - 10 years,"Singapore 6 months, USA 3 years",2,0, , , , , 
5122150305,no,NNSv2,No,"Chinese (Mandarin), Chinese (Sichuanese), English",,China,19,male,6 - 8 years,USA 5 months,1,They are trading car.,0,1,0,0,0
5122150305,no,NNSv2,No,"Chinese (Mandarin), Chinese (Sichuanese), English",,China,19,male,6 - 8 years,USA 5 months,2,0, , , , , 
5122147615,no,NNSv2,No,Chinese,,China,18,female,6 - 8 years,,1,she is buying a car,1,1,1,0,1
5122147615,no,NNSv2,No,Chinese,,China,18,female,6 - 8 years,,2,0, , , , , 
5122141700,no,NNSv2,No,Chinese,,China,20,female,8 - 10 years,USA 3 months,1,The woman is giving tips to the man for helping her park the car.,1,1,1,1,1
5122141700,no,NNSv2,No,Chinese,,China,20,female,8 - 10 years,USA 3 months,2,0, , , , , 
5122041816,no,NNSv2,No,Chinese,,China,19,female,4 - 5 years,USA 4 months,1,A woman is purchasing a car from the agent. ,1,1,1,1,1
5122041816,no,NNSv2,No,Chinese,,China,19,female,4 - 5 years,USA 4 months,2,0, , , , , 
5121274781,no,NNSv2,No,Chinese,,China,20,male,1 year or less,USA 1 YEAR,1,He is tipping the lady.,0,1,1,1,0
5121274781,no,NNSv2,No,Chinese,,China,20,male,1 year or less,USA 1 YEAR,2,0, , , , , 
5121274279,no,NNSv2,No,"Chinese, English",,China,19,male,6 - 8 years,USA 3 months ,1,The woman is paying for her car care.,1,1,1,1,1
5121274279,no,NNSv2,No,"Chinese, English",,China,19,male,6 - 8 years,USA 3 months ,2,0, , , , , 
5121271407,no,NNSv2,No,Chinese,,China,20,male,4 - 5 years,,1,The woman is buying the car,1,1,1,0,1
5121271407,no,NNSv2,No,Chinese,,China,20,male,4 - 5 years,,2,0, , , , , 
5121257823,no,NNSv2,No,Chinese,,China,19,,4 - 5 years,USA 2 years,1,A woman is renting a car.,1,1,1,0,1
5121257823,no,NNSv2,No,Chinese,,China,19,,4 - 5 years,USA 2 years,2,0, , , , , 
5121256373,no,NNSv2,No,Chinese,,China,18,female,4 - 5 years,USA 6 months,1,The woman is renting the car.,1,1,1,0,1
5121256373,no,NNSv2,No,Chinese,,China,18,female,4 - 5 years,USA 6 months,2,0, , , , , 
5121255867,no,NNSv2,No,Chinese,,China,18,female,5 - 6 years,USA 2 years,1,A woman is giving tip to a doorkeeper for his help parking the car.,1,1,1,1,1
5121255867,no,NNSv2,No,Chinese,,China,18,female,5 - 6 years,USA 2 years,2,0, , , , , 
5121255677,no,NNSv2,No,Chinese,,China,19,female,10 years or more (or native speaker),USA 2 years,1,The lady is buying a car. ,1,1,1,0,1
5121255677,no,NNSv2,No,Chinese,,China,19,female,10 years or more (or native speaker),USA 2 years,2,0, , , , , 
5121247171,no,NNSv2,No,Chineses,,China,18,female,4 - 5 years,USA 4 months,1,A woman is buying a red car from the guy in black suit,1,1,1,1,1
5121247171,no,NNSv2,No,Chineses,,China,18,female,4 - 5 years,USA 4 months,2,0, , , , , 
5121228919,no,NNSv2,No,Chinese,,China,19,female,8 - 10 years,USA 4 months,1,The woman is giving the money to the man to get her new car's key.,1,1,1,1,1
5121228919,no,NNSv2,No,Chinese,,China,19,female,8 - 10 years,USA 4 months,2,0, , , , , 
5121225661,no,NNSv2,No,"Chinese, English",,China,19,female,8 - 10 years,none,1,The man and the woman are exchanging a key of the red car and money.,1,1,1,1,1
5121225661,no,NNSv2,No,"Chinese, English",,China,19,female,8 - 10 years,none,2,0, , , , , 
5121203334,no,NNSv2,No,Chinese,,China,18,female,6 - 8 years,USA 3 months,1,The woman is buying a car.,1,1,1,0,1
5121203334,no,NNSv2,No,Chinese,,China,18,female,6 - 8 years,USA 3 months,2,0, , , , , 
5121203285,no,NNSv2,No,Chinese,,China,18,,8 - 10 years,USA 6 months,1,A lady is renting a car.,1,1,1,0,1
5121203285,no,NNSv2,No,Chinese,,China,18,,8 - 10 years,USA 6 months,2,0, , , , , 
5121197358,no,NNSv2,No,Chinese,,China,18,male,8 - 10 years,USA 6 months,1,The woman is buying the car and paying money to that man.,1,1,1,1,1
5121197358,no,NNSv2,No,Chinese,,China,18,male,8 - 10 years,USA 6 months,2,0, , , , , 
5121091813,no,NNSv2,No,Chinese,,China,19,male,10 years or more (or native speaker),"USA 1 year, UK 1 year",1,A man is giving some keys to a woman and the woman is giving some cash to the man.,0,1,1,1,1
5121091813,no,NNSv2,No,Chinese,,China,19,male,10 years or more (or native speaker),"USA 1 year, UK 1 year",2,0, , , , , 
5120913393,no,NNSv2,No,Chinese,,China,19,male,8 - 10 years,,1,a car dealer is giving a key to a customer ,0,1,1,1,1
5120913393,no,NNSv2,No,Chinese,,China,19,male,8 - 10 years,,2,0, , , , , 
5120905417,no,NNSv2,No,Chinese,,China,19,female,8 - 10 years,None,1,The woman is paying the waiter for parking her car.,1,1,1,1,0
5120905417,no,NNSv2,No,Chinese,,China,19,female,8 - 10 years,None,2,0, , , , , 
5120869272,no,NNSv2,No,Chinese,,China,18,female,6 - 8 years,USA 2 years,1,The woman is paying the parking fee. ,0,1,1,1,1
5120869272,no,NNSv2,No,Chinese,,China,18,female,6 - 8 years,USA 2 years,2,0, , , , , 
5120867943,no,NNSv2,No,Chinese,,China,19,male,5 - 6 years,USA 3 years,1,The woman is buying the car.,1,1,1,0,1
5120867943,no,NNSv2,No,Chinese,,China,19,male,5 - 6 years,USA 3 years,2,0, , , , , 
5120832113,no,NNSv2,No,Chinese,,China,20,male,6 - 8 years,USA 3 years,1,the woman rents a car from the man,1,0,1,1,1
5120832113,no,NNSv2,No,Chinese,,China,20,male,6 - 8 years,USA 3 years,2,0, , , , , 
5120787566,no,NNSv2,No,Chinese,,China,18,male,5 - 6 years,None,1,The woman is renting a car with cash offered to the man ,1,1,1,1,1
5120787566,no,NNSv2,No,Chinese,,China,18,male,5 - 6 years,None,2,0, , , , , 
5120759056,no,NNSv2,No,Chinese,,China,19,male,8 - 10 years,USA 6 months,1,The woman is renting a car from a man.,1,1,1,1,1
5120759056,no,NNSv2,No,Chinese,,China,19,male,8 - 10 years,USA 6 months,2,0, , , , , 
5120735232,no,NNSv2,No,"Burmese (Chin), Burmese (Zophei)",,Burma,19,male,6 - 8 years,USA 6 years,1,The woman just bought a new car. ,1,0,1,0,1
5120735232,no,NNSv2,No,"Burmese (Chin), Burmese (Zophei)",,Burma,19,male,6 - 8 years,USA 6 years,2,0, , , , , 
5120691484,no,NNSv2,No,Chinese,,China,18,male,8 - 10 years,USA 5 months,1,The woman is buying a new red car from this salesman. ,1,1,1,1,1
5120691484,no,NNSv2,No,Chinese,,China,18,male,8 - 10 years,USA 5 months,2,0, , , , , 
5120690444,no,NNSv2,No,Chinese,,China,19,male,8 - 10 years,,1,A lady pay for a red car to a man,1,0,0,1,1
5120690444,no,NNSv2,No,Chinese,,China,19,male,8 - 10 years,,2,0, , , , , 
5120644945,no,NNSv2,No,Chinese,,China,18,male,5 - 6 years,None,1,"When the man handing her the key of the car, woman giving him some tips as for thanks",0,1,0,1,1
5120644945,no,NNSv2,No,Chinese,,China,18,male,5 - 6 years,None,2,0, , , , , 
5120617955,no,NNSv2,No,"Burmese (Mizo), Burmese (Zophei)",,Burma,19,,5 - 6 years,USA 5 years,1,The man is selling the woman a car.,1,1,1,1,1
5120617955,no,NNSv2,No,"Burmese (Mizo), Burmese (Zophei)",,Burma,19,,5 - 6 years,USA 5 years,2,0, , , , , 
5120612433,no,NNSv2,No,Chinese,,China,19,male,10 years or more (or native speaker),None,1,A woman buys a car ,1,0,1,0,1
5120612433,no,NNSv2,No,Chinese,,China,19,male,10 years or more (or native speaker),None,2,0, , , , , 
5120588026,no,NNSv2,No,Chinese,,China,18,female,8 - 10 years,,1,The woman is purchasing a car.,1,1,1,0,1
5120588026,no,NNSv2,No,Chinese,,China,18,female,8 - 10 years,,2,0, , , , , 
5120587277,no,NNSv2,No,Chinese,,China,19,female,8 - 10 years,,1,A woman bought a car.,1,1,1,0,1
5120587277,no,NNSv2,No,Chinese,,China,19,female,8 - 10 years,,2,0, , , , , 
5118956291,no,NNSv2,No,Vietnamese,,Vietnam,19,male,3 - 4 years,USA 4 years,1,"The lady is buying a car, ", , , , , 
5118956291,no,NNSv2,No,Vietnamese,,Vietnam,19,male,3 - 4 years,USA 4 years,2,0, , , , , 
5118948301,no,NNSv2,No,Chinese,,China,19,male,3 - 4 years,USA 6 months,1,A woman just bought a car from a dealer. ,1,0,1,1,1
5118948301,no,NNSv2,No,Chinese,,China,19,male,3 - 4 years,USA 6 months,2,0, , , , , 
5118734377,no,NNSv2,No,Chinese,,China,21,female,6 - 8 years,USA 4 mouths,1,the woman is paying for a car,1,1,1,0,1
5118734377,no,NNSv2,No,Chinese,,China,21,female,6 - 8 years,USA 4 mouths,2,0, , , , , 
5118627573,no,NNSv2,No,Chinese,,China,18,male,8 - 10 years,USA 1 year,1,A woman gives some money to a man to buy a car.,1,0,1,1,1
5118627573,no,NNSv2,No,Chinese,,China,18,male,8 - 10 years,USA 1 year,2,0, , , , , 
5118627171,no,NNSv2,No,Chinese,,China,19,,6 - 8 years,,1,A women buy a car from a salesman.,1,0,0,0,1
5118627171,no,NNSv2,No,Chinese,,China,19,,6 - 8 years,,2,0, , , , , 
5118617449,no,NNSv2,No,Chinese,,China,18,male,6 - 8 years,USA 1 month,1,The woman is renting the car from the man.,1,1,1,1,1
5118617449,no,NNSv2,No,Chinese,,China,18,male,6 - 8 years,USA 1 month,2,0, , , , , 
5117304927,no,NNSv2,No,Bahasa (Indonesian),,Indonesia,19,male,8 - 10 years,Singapore 1 month,1,The woman is buying a new car from a car salesman,1,1,1,1,1
5117304927,no,NNSv2,No,Bahasa (Indonesian),,Indonesia,19,male,8 - 10 years,Singapore 1 month,2,0, , , , , 
5117304721,no,NNSv2,No,Chinese,,China,20,male,5 - 6 years,USA 3 years,1,A woman is buying a car from a man in the company.,1,1,1,1,1
5117304721,no,NNSv2,No,Chinese,,China,20,male,5 - 6 years,USA 3 years,2,0, , , , , 
5117304379,no,NNSv2,No,Chinese,,China,18,male,5 - 6 years,USA 4 months,1,The woman is buying a car from the dealer.,1,1,1,1,1
5117304379,no,NNSv2,No,Chinese,,China,18,male,5 - 6 years,USA 4 months,2,0, , , , , 
5117292872,no,NNSv2,No,Chinese,,China,20,male,10 years or more (or native speaker),,1,A water is giving the clicker to a woman and women give him money.,0,1,0,0,0
5117292872,no,NNSv2,No,Chinese,,China,20,male,10 years or more (or native speaker),,2,0, , , , , 
5117292473,no,NNSv2,No,Chinese,,China,18,male,10 years or more (or native speaker),USA 4 months  ,1,The woman is buying a car from the dealer.,1,1,1,1,1
5117292473,no,NNSv2,No,Chinese,,China,18,male,10 years or more (or native speaker),USA 4 months  ,2,0, , , , , 
5117287627,no,NNSv2,No,Chinese,,China,19,male,5 - 6 years,,1,The woman buys a car and now she is taking her car key.,1,1,1,1,1
5117287627,no,NNSv2,No,Chinese,,China,19,male,5 - 6 years,,2,0, , , , , 
5117268301,no,NNSv2,No,Chinese,,China,18,male,10 years or more (or native speaker),,1,A woman is buying a red car from a man in suit,1,1,0,1,1
5117268301,no,NNSv2,No,Chinese,,China,18,male,10 years or more (or native speaker),,2,0, , , , , 
5117246945,no,NNSv2,No,Chinese,,China,18,female,8 - 10 years,No,1,A woman is buying a car from a salesman.,1,1,1,1,1
5117246945,no,NNSv2,No,Chinese,,China,18,female,8 - 10 years,No,2,0, , , , , 
5117197154,no,NNSv2,No,Chinese,,China,18,female,3 - 4 years,USA 6 months,1,"The woman is buying a red car, and the man is giving the woman car keys.",1,1,1,1,1
5117197154,no,NNSv2,No,Chinese,,China,18,female,3 - 4 years,USA 6 months,2,0, , , , , 
5117163574,no,NNSv2,No,Chinese,,China,19,female,6 - 8 years,USA 6 months,1,A lady is buying a red car,1,1,1,0,1
5117163574,no,NNSv2,No,Chinese,,China,19,female,6 - 8 years,USA 6 months,2,0, , , , , 
5117162282,no,NNSv2,No,Chinese ,,China,18,female,10 years or more (or native speaker),USA 2.5 years,1,the lady's buying a car,1,1,1,0,1
5117162282,no,NNSv2,No,Chinese ,,China,18,female,10 years or more (or native speaker),USA 2.5 years,2,0, , , , , 
5117160840,no,NNSv2,No,Chinese,,China,18,female,8 - 10 years,uk 1 year,1,A rich white lady is buying a red car in cash,1,1,1,0,0
5117160840,no,NNSv2,No,Chinese,,China,18,female,8 - 10 years,uk 1 year,2,0, , , , , 
5117076514,no,NNSv2,No,Chinese,,China,20,female,5 - 6 years,USA 4 month,1,The woman pay money for the man and take back to her car's key.,0,0,0,1,1
5117076514,no,NNSv2,No,Chinese,,China,20,female,5 - 6 years,USA 4 month,2,0, , , , , 
5117075302,no,NNSv2,No,Chinese,,brazil,18,female,6 - 8 years,USA 4 months,1,The woman is pay for the man's service.,0,0,0,1,1
5117075302,no,NNSv2,No,Chinese,,brazil,18,female,6 - 8 years,USA 4 months,2,0, , , , , 
5117067086,no,NNSv2,No,Chinese,,China,18,male,6 - 8 years,USA 3 months,1,a woman buys a car,1,0,1,0,1
5117067086,no,NNSv2,No,Chinese,,China,18,male,6 - 8 years,USA 3 months,2,0, , , , , 
5117049228,no,NNSv2,No,Chinese ,,China,18,female,10 years or more (or native speaker),USA 1 year,1,"The man gives a key to the girl, and the girl gives money for exchange. ",0,0,1,1,1
5117049228,no,NNSv2,No,Chinese ,,China,18,female,10 years or more (or native speaker),USA 1 year,2,0, , , , , 
5117039716,no,NNSv2,No,Chinese,,China,20,male,8 - 10 years,None,1,A woman is buying a car from a man.,1,1,1,1,1
5117039716,no,NNSv2,No,Chinese,,China,20,male,8 - 10 years,None,2,0, , , , , 
5117039566,no,NNSv2,No,Chinese,,China,18,female,8 - 10 years,USA 6 months,1,The women is buying a car from the man. ,1,1,0,0,0
5117039566,no,NNSv2,No,Chinese,,China,18,female,8 - 10 years,USA 6 months,2,0, , , , , 
5116965703,no,NNSv2,No,"Burmese, Burmese (Chin)",,Burma (Myanmar),19,male,5 - 6 years,USA 6 years,1,The are exchanging goods.,0,1,1,0,0
5116965703,no,NNSv2,No,"Burmese, Burmese (Chin)",,Burma (Myanmar),19,male,5 - 6 years,USA 6 years,2,0, , , , , 
5116825442,no,NNSv2,No,Arabic,,Saudi Arabia,26,male,2 - 3 years,USA 5 years,1,A woman is buying a car from a man.,1,1,1,1,1
5116825442,no,NNSv2,No,Arabic,,Saudi Arabia,26,male,2 - 3 years,USA 5 years,2,0, , , , , 
5116801365,no,NNSv2,No,Chinese,,China,19,male,8 - 10 years,UK (England) 1 year  ,1,the woman is buying a car from the dealer.,1,1,1,1,1
5116801365,no,NNSv2,No,Chinese,,China,19,male,8 - 10 years,UK (England) 1 year  ,2,0, , , , , 
5116756326,no,NNSv2,No,Chinese (Mandarin),,China,18,female,8 - 10 years,none,1,The car agent successfully sell a car to a young lady.,1,0,0,1,1
5116756326,no,NNSv2,No,Chinese (Mandarin),,China,18,female,8 - 10 years,none,2,0, , , , , 
5116738692,no,NNSv2,No,Chinese,,China,19,female,8 - 10 years,USA 4 months,1,A woman is buying a car.,1,1,1,0,1
5116738692,no,NNSv2,No,Chinese,,China,19,female,8 - 10 years,USA 4 months,2,0, , , , , 
5116703543,no,NNSv2,No,"Chinese (Mandarin), Chinese (Cantonese), Chinese (Fujianese)",,China (Hong Kong),18,male,8 - 10 years,USA 3 years,1,A lady is buying a car.,1,1,1,0,1
5116703543,no,NNSv2,No,"Chinese (Mandarin), Chinese (Cantonese), Chinese (Fujianese)",,China (Hong Kong),18,male,8 - 10 years,USA 3 years,2,0, , , , , 
5194288670,no,NSv1,Yes,English,Spanish,USA,51,female,na,USA 45 years,1,0, , , , , 
5194288670,no,NSv1,Yes,English,Spanish,USA,51,female,na,USA 45 years,2,0, , , , , 
5193184118,no,NSv1,Yes,English,,USA,25,female,na,USA 25 years,1,0, , , , , 
5193184118,no,NSv1,Yes,English,,USA,25,female,na,USA 25 years,2,0, , , , , 
5179366828,no,NSv1,Yes,English,,USA,52,male,na,"USA 52 years, UK (Britain) 4 months",1,0, , , , , 
5179366828,no,NSv1,Yes,English,,USA,52,male,na,"USA 52 years, UK (Britain) 4 months",2,0, , , , , 
5176667408,no,NSv1,Yes,English,German,USA,34,male,na,USA 34 ,1,0, , , , , 
5176667408,no,NSv1,Yes,English,German,USA,34,male,na,USA 34 ,2,0, , , , , 
5175318842,no,NSv1,Yes,English,Spanish,USA,41,female,na,USA 41 years,1,0, , , , , 
5175318842,no,NSv1,Yes,English,Spanish,USA,41,female,na,USA 41 years,2,0, , , , , 
5175274588,no,NSv1,Yes,English,,USA,29,female,na,USA 29 years,1,0, , , , , 
5175274588,no,NSv1,Yes,English,,USA,29,female,na,USA 29 years,2,0, , , , , 
5174857939,no,NSv1,Yes,English,"Spanish, German",USA,23,male,na,USA 23 years,1,0, , , , , 
5174857939,no,NSv1,Yes,English,"Spanish, German",USA,23,male,na,USA 23 years,2,0, , , , , 
5174821975,no,NSv1,Yes,English,,USA,35,male,na,,1,0, , , , , 
5174821975,no,NSv1,Yes,English,,USA,35,male,na,,2,0, , , , , 
5174820010,no,NSv1,Yes,English,,USA,30,other / prefer not to say,na,USA 30 years,1,0, , , , , 
5174820010,no,NSv1,Yes,English,,USA,30,other / prefer not to say,na,USA 30 years,2,0, , , , , 
5169658846,no,NSv1,Yes,English,,USA,37,female,na,USA 37 years,1,0, , , , , 
5169658846,no,NSv1,Yes,English,,USA,37,female,na,USA 37 years,2,0, , , , , 
5168440976,no,NSv1,Yes,English,German,USA,40,male,na,"USA 39 years, UK (England) 1 year",1,0, , , , , 
5168440976,no,NSv1,Yes,English,German,USA,40,male,na,"USA 39 years, UK (England) 1 year",2,0, , , , , 
5167990844,no,NSv1,Yes,English,"Chinese (Mandarin),  French",USA,34,male,na,USA 28 years,1,0, , , , , 
5167990844,no,NSv1,Yes,English,"Chinese (Mandarin),  French",USA,34,male,na,USA 28 years,2,0, , , , , 
5167875278,no,NSv1,Yes,English,Japanese,USA,34,male,na,USA 34 years,1,0, , , , , 
5167875278,no,NSv1,Yes,English,Japanese,USA,34,male,na,USA 34 years,2,0, , , , , 
5167718964,no,NSv1,Yes,English,,USA,36,female,na,,1,0, , , , , 
5167718964,no,NSv1,Yes,English,,USA,36,female,na,,2,0, , , , , 
5167717026,no,NSv1,Yes,English,,USA,36,male,na,USA 36 years,1,0, , , , , 
5167717026,no,NSv1,Yes,English,,USA,36,male,na,USA 36 years,2,0, , , , , 
5167683969,no,NSv1,Yes,English,,USA,30,male,na,USA 30 years,1,0, , , , , 
5167683969,no,NSv1,Yes,English,,USA,30,male,na,USA 30 years,2,0, , , , , 
5154083233,no,NSv1,Yes,English,,USA,34,male,na,USA 34 years,1,0, , , , , 
5154083233,no,NSv1,Yes,English,,USA,34,male,na,USA 34 years,2,0, , , , , 
5176449044,no,NSv2,Yes,English,,USA,61,male,na,USA 61 years,1,The lady is purchasing a car.,1,1,1,0,1
5176449044,no,NSv2,Yes,English,,USA,61,male,na,USA 61 years,2,The salesman is delivering the keys to the lady that bought the car.,1,1,1,1,1
5175457051,no,NSv2,Yes,English,French,USA,59,female,na,"USA 53 years, UK (England) 3 years",1,The lady is buying a car.,1,1,1,0,1
5175457051,no,NSv2,Yes,English,French,USA,59,female,na,"USA 53 years, UK (England) 3 years",2,She is paying cash to rent a car.,1,1,1,1,1
5174797368,no,NSv2,Yes,English,Spanish,USA,37,female,na,USA 37 years,1,She is buying a new car,1,1,1,0,1
5174797368,no,NSv2,Yes,English,Spanish,USA,37,female,na,USA 37 years,2,He just sold a car,1,0,1,0,1
5174785877,no,NSv2,Yes,English,Spanish,USA,31,male,na,USA 31 years,1,The woman is buying a car.,1,1,1,0,1
5174785877,no,NSv2,Yes,English,Spanish,USA,31,male,na,USA 31 years,2,The man just sold an automobile.,1,0,1,0,1
5170498002,no,NSv2,Yes,English,Spanish,USA,67,female,na,USA 67 years,1,The woman is buying a car and paying the salesman.,1,1,1,1,1
5170498002,no,NSv2,Yes,English,Spanish,USA,67,female,na,USA 67 years,2,The salesman is giving the keys to the car to the lady.  ,0,1,1,1,1
5169732986,no,NSv2,Yes,English,Spanish,USA,44,male,na,"USA 39 years, Ireland 1 year",1,The woman is buying a new red car.,1,1,1,0,1
5169732986,no,NSv2,Yes,English,Spanish,USA,44,male,na,"USA 39 years, Ireland 1 year",2,The man is selling the woman a car.,1,1,1,1,1
5169732947,no,NSv2,Yes,English,French,USA,58,female,na,USA 55 years,1,The woman is buying the car from the man.,1,1,1,1,1
5169732947,no,NSv2,Yes,English,French,USA,58,female,na,USA 55 years,2,The man is selling the car to the woman.,1,1,1,1,1
5169071370,no,NSv2,Yes,English,German,USA,27,male,na,USA 27 years,1,The woman is buying a car from the man.,1,1,1,1,1
5169071370,no,NSv2,Yes,English,German,USA,27,male,na,USA 27 years,2,The man is selling the woman a car.,1,1,1,1,1
5165784214,no,NSv2,Yes,English,,USA,35,male,na,USA 35 years,1,0, , , , , 
5165784214,no,NSv2,Yes,English,,USA,35,male,na,USA 35 years,2,0, , , , , 
5154089547,no,NSv2,Yes,English,,USA,57,female,na,USA 57 years,1,The woman just bought a new car. ,1,0,1,0,1
5154089547,no,NSv2,Yes,English,,USA,57,female,na,USA 57 years,2,The salesman is giving the woman the keys to her new car. ,1,1,1,1,1
