I07,I07 Gramm
the bird is flying,
the bird is flipping the wings,
the bird is flying in the sky,
the green bird is flying in the sky,
the bird is flying to the warmer place for winter,
the boy is flying,
the bird is waving its wings,
a bird is flying,
the bird is waving the wings,
the bird is waving its wing,
a colorful bird is quickly flipping its pretty wings,
the green birds is flying,
its is flying,
the bird id shaking the wings,
the green bird is flying,
flying,
this bird is flying,
waving the wings,
this colorful bird is waving it's wings,
a green bird is flying in the sky,
the green is flying,
bird is flying,
a bird is enjoying its day,
the bird's flying,
a bird is flying on the sky,
the bird is flapping its wings to fly,
the bird is flying on the sky,
a green bird is flying,
the bird is flying to find food,
a brid in the air,
the parrot is flying,
a little green bird is waving its wings,
a green bird is flying up high on the sky,
the bird is flapping its wings,
a green bird is taking off,
the green bird is flying in the blue sky,
a birding is shaking its wings,
the birding is green,
a green feather bird is flying on the sky,
the little bird is learning flying,
the bird is flapping his wings,
the bird is flying in the air,
the bird is fluttering its wings,
the bird is soaring in the air,
the bird is flying thru the air,
the bird is soaring thru the air,
the bird is soaring,
the curved lines at the bird's wing tips give the impression that the bird may be flapping its wings to fly,
the green bird is hovering in the sky,
it is hovering in the air,
the bird is floating,
the bird is soaring on to a new horizon,
it's flying,
it's soaring through the air,
the bird appears to be flying,
the bird appears to be flapping its wings,
in the air,
the bird is flipping it's wings,
the bird is gliding,
learning how to fly,
coming in for a landing,
the bird is soaring to new heights,
the bird just took flight,
fly,
sing,
the bird is about to land,
"by flapping its wings, the bird is able to fly",
flapping it wings,
the bird flies,
fighting gravity,
he's flapping his wings,
the bird is flapping it's wings,
the bird is colorful,
the bird is in midflight,
the colorful bird is flying,
the bird is enjoying the view,
looking for food,
getting ready to land,
this bird is flying north,
this bird is looking for food for her children,
the bird is flapping,
he's flying,
he/she is flying,
flying in the air,
landing,
the bird is landing,
th bird is looking for worms,
the bird id flying,
the bird is getting ready to land,
this bird is gliding through the air,
he is flying,
it is flapping its wings,
the bird is in the air,
hovering,
the bird is using his wings to fly,
the bird is trying to land,
a green bird is flapping his wings,
see how well this bird can fly?,
the bird is practicing a new hovering maneuver,
the bird is furiously flapping and going nowhere in a strong headwind,
this bird is flapping his wings,
this bird appears to be coming in for a landing,
this bird is flapping his wings to fly,
the bird's flying back to the flock,
a multicolored bird is flying,
it is flying,
it is flapping it's wings,
fifjfj,
kdkrkf,
"look, a cartoon bird",
the green bird is flapping its wings,
the wind has lifted the bird high into the air,
a small bird flaps its wings,
it is taking off,
the bird flapped his wings,
a bird on wing,
dont know,
the colorful bird is flapping it's wings,
a parrot flies,
"a parrot, frozen in solid ice, desperately tries to break free",
the bird is flying high in the sky,
the bird is flying to find somewhere to land,
bird is soaring,
there is a colorful bird flying,
this is a picture of a colorful bird flying,
a hummingbird is flying,
a bird is flying through the blue sky,
a bird is soaring,
a bird flying,
a green bird flying,
a bird is flying in the air,
the bird is flying north to for the summer,
the bird is gliding in the wind,
a pretty bird is flying,
"a pretty green bird with blue and red markings on it's head, is flying by",
this bird is happily flapping its wings,
this bird is flapping its wings,
an animal flapping its wings,
a green bird is flapping it's wings,
"the bird is green, blue, red and purple",
bird flying,
birdy flyiung high,
a green bird takes flight,
the bird needs to flap his wings in order to fly,
bird flies,
wings fluttered to lift bird's body,
the green bird flies gracefully,
a green bird looks for a place to land,
a bird in flight,
the bird is flying through the air,
"flapping his wings, the bird glides through the air",
a bird is whipping up the air around him,
a tropical bird is flying,
the bird is fluttering his wings,
parrots like to fly free,
to fly free is a parrots dream,
a bird'/ wings are flapping,
the bird has its wings spread,
the bird flying,
the bird is flying a way,
a green bird flies,
this bird is learning to fly,
the flying bird has places to go,
a colorful bird is flying in the air,
flying in the air is a colorful bird,
there is a bird flying,
flying bird,
hummingbird wings move quickly,
a bird is flapping it's wings to fly,
a bird is flapping its wings,
a green bird with red and blue markings is flying,
a bird is flapping it's wings,
there is s green bird flying,
a bird is flspping his wings,
a colorful bird is flying,
the atmosphere is being beaten by a colorful bird,
a green and red bird flying,
bird in sky,
in the sky there is a bird,
a parrot is flying,
the green bird flies in the sky,
the parrot flaps its wings,
not sure where i am going,
the bird is falling to is death is a high propulsion jet of air,
the bird is soaring through the sky,
the parrot is flying around,
the parrot is flying around looking for a place to land,
a bird flies,
the bird is flapping its wings and flying,
the bird's wings are helping it to fly,
a bird is flying in the blue sky,
"the bird is happily flapping his wings,",
the green bird flies,
the bird is green,
a bird is flying through the air,
the air is being displaced by a bird,
"soaring through the air, navigating the shifting winds is second nature to birds",
the parakeet flaps its wings,
"the bird appears to be preparing to land, or just became airborne",
the bird flaps it's wings to fly,
the bird is in the sky,
a green bird flies through the air,
a bird flaps her wings,
the bird flies in the air,
in the air the bird flies,
"the bird is flying in a clear, blue sky",
the bird soars high above the ground,
a bird is in the sky,
birds fly,
that is a pretty bird,
a bird flaps its wings,
a bird soars,
